"","participantNr","trial","Dbeh_rec","SR_gen","R1","SI","R2","age","age_z","gID","S","S_adjust","SR","direction"
"1",11114,2,"Prosocial","Popular peer",4,6,5,14,-0.362322360001696,3,0.5,"compromise",0,"ext_pro"
"2",11114,3,"Risk","Popular peer",5,1,1,14,-0.362322360001696,3,1,"conformity",0,"ext_risk"
"3",11114,4,"Prosocial","Popular peer",7,9,8,14,-0.362322360001696,3,0.5,"compromise",0,"ext_pro"
"4",11114,5,"Prosocial","Popular peer",11,7,9,14,-0.362322360001696,3,0.5,"compromise",0,"mod_pro"
"5",11114,7,"Risk","Majority",4,1,1,14,-0.362322360001696,3,1,"conformity",1,"ext_risk"
"6",11114,9,"Prosocial","Majority",7,11,10,14,-0.362322360001696,3,0.75,"compromise",1,"ext_pro"
"7",11114,10,"Prosocial","Majority",7,3,6,14,-0.362322360001696,3,0.25,"compromise",1,"mod_pro"
"8",11114,11,"Prosocial","Majority",2,5,4,14,-0.362322360001696,3,0.666666666666667,"compromise",1,"ext_pro"
"9",11118,2,"Prosocial","Majority",9,11,11,15,0.11337570536477,3,1,"conformity",1,"ext_pro"
"10",11118,4,"Risk","Majority",2,5,5,15,0.11337570536477,3,1,"conformity",1,"mod_risk"
"11",11118,5,"Risk","Majority",3,1,1,15,0.11337570536477,3,1,"conformity",1,"ext_risk"
"12",11118,6,"Prosocial","Majority",11,7,8,15,0.11337570536477,3,0.75,"compromise",1,"mod_pro"
"13",11118,7,"Prosocial","Popular peer",10,7,9,15,0.11337570536477,3,0.333333333333333,"compromise",0,"mod_pro"
"14",11118,8,"Prosocial","Popular peer",8,11,11,15,0.11337570536477,3,1,"conformity",0,"ext_pro"
"15",11118,9,"Prosocial","Popular peer",11,9,10,15,0.11337570536477,3,0.5,"compromise",0,"mod_pro"
"16",11118,10,"Risk","Popular peer",3,1,1,15,0.11337570536477,3,1,"conformity",0,"ext_risk"
"17",11118,11,"Risk","Popular peer",2,6,3,15,0.11337570536477,3,0.25,"compromise",0,"mod_risk"
"18",11122,1,"Prosocial","Popular peer",11,7,11,14,-0.362322360001696,3,0,"stay",0,"mod_pro"
"19",11122,2,"Risk","Popular peer",1,3,1,14,-0.362322360001696,3,0,"stay",0,"mod_risk"
"20",11122,3,"Risk","Popular peer",1,5,6,14,-0.362322360001696,3,1.25,"afterconformity",0,"mod_risk"
"21",11122,4,"Prosocial","Popular peer",5,7,5,14,-0.362322360001696,3,0,"stay",0,"ext_pro"
"22",11122,5,"Risk","Popular peer",6,1,3,14,-0.362322360001696,3,0.6,"compromise",0,"ext_risk"
"23",11122,6,"Prosocial","Popular peer",11,9,10,14,-0.362322360001696,3,0.5,"compromise",0,"mod_pro"
"24",11122,8,"Risk","Majority",3,1,1,14,-0.362322360001696,3,1,"conformity",1,"ext_risk"
"25",11122,10,"Prosocial","Majority",10,7,7,14,-0.362322360001696,3,1,"conformity",1,"mod_pro"
"26",11122,11,"Risk","Majority",1,4,3,14,-0.362322360001696,3,0.666666666666667,"compromise",1,"mod_risk"
"27",11122,12,"Risk","Majority",2,5,4,14,-0.362322360001696,3,0.666666666666667,"compromise",1,"mod_risk"
"28",11150,1,"Risk","Popular peer",4,1,2,14,-0.362322360001696,3,0.666666666666667,"compromise",0,"ext_risk"
"29",11150,2,"Prosocial","Popular peer",9,11,11,14,-0.362322360001696,3,1,"conformity",0,"ext_pro"
"30",11150,4,"Risk","Popular peer",2,5,3,14,-0.362322360001696,3,0.333333333333333,"compromise",0,"mod_risk"
"31",11150,5,"Prosocial","Popular peer",9,7,8,14,-0.362322360001696,3,0.5,"compromise",0,"mod_pro"
"32",11150,8,"Risk","Majority",3,5,4,14,-0.362322360001696,3,0.5,"compromise",1,"mod_risk"
"33",11150,9,"Prosocial","Majority",9,11,11,14,-0.362322360001696,3,1,"conformity",1,"ext_pro"
"34",11150,10,"Prosocial","Majority",9,7,7,14,-0.362322360001696,3,1,"conformity",1,"mod_pro"
"35",11150,11,"Risk","Majority",3,1,1,14,-0.362322360001696,3,1,"conformity",1,"ext_risk"
"36",11150,12,"Risk","Majority",1,3,2,14,-0.362322360001696,3,0.5,"compromise",1,"mod_risk"
"37",11157,2,"Risk","Popular peer",1,5,1,15,0.11337570536477,3,0,"stay",0,"mod_risk"
"38",11157,3,"Prosocial","Popular peer",10,7,11,15,0.11337570536477,3,-0.333333333333333,"anticonformity",0,"mod_pro"
"39",11157,4,"Prosocial","Popular peer",8,11,8,15,0.11337570536477,3,0,"stay",0,"ext_pro"
"40",11157,5,"Prosocial","Popular peer",11,9,9,15,0.11337570536477,3,1,"conformity",0,"mod_pro"
"41",11157,6,"Risk","Popular peer",5,3,6,15,0.11337570536477,3,-0.5,"anticonformity",0,"ext_risk"
"42",11157,7,"Risk","Majority",2,5,3,15,0.11337570536477,3,0.333333333333333,"compromise",1,"mod_risk"
"43",11157,10,"Prosocial","Majority",7,11,9,15,0.11337570536477,3,0.5,"compromise",1,"ext_pro"
"44",11166,1,"Prosocial","Majority",9,11,10,14,-0.362322360001696,3,0.5,"compromise",1,"ext_pro"
"45",11166,2,"Prosocial","Majority",10,8,9,14,-0.362322360001696,3,0.5,"compromise",1,"mod_pro"
"46",11166,3,"Risk","Majority",2,4,3,14,-0.362322360001696,3,0.5,"compromise",1,"mod_risk"
"47",11166,4,"Prosocial","Majority",9,11,11,14,-0.362322360001696,3,1,"conformity",1,"ext_pro"
"48",11166,5,"Risk","Majority",3,5,5,14,-0.362322360001696,3,1,"conformity",1,"mod_risk"
"49",11166,6,"Risk","Majority",3,1,4,14,-0.362322360001696,3,-0.5,"anticonformity",1,"ext_risk"
"50",11166,7,"Prosocial","Popular peer",11,9,10,14,-0.362322360001696,3,0.5,"compromise",0,"mod_pro"
"51",11166,8,"Risk","Popular peer",3,1,1,14,-0.362322360001696,3,1,"conformity",0,"ext_risk"
"52",11166,10,"Risk","Popular peer",2,5,3,14,-0.362322360001696,3,0.333333333333333,"compromise",0,"mod_risk"
"53",11166,11,"Prosocial","Popular peer",8,11,10,14,-0.362322360001696,3,0.666666666666667,"compromise",0,"ext_pro"
"54",11166,12,"Prosocial","Popular peer",10,7,8,14,-0.362322360001696,3,0.666666666666667,"compromise",0,"mod_pro"
"55",11176,1,"Prosocial","Majority",9,11,11,15,0.11337570536477,3,1,"conformity",1,"ext_pro"
"56",11176,2,"Prosocial","Majority",9,11,10,15,0.11337570536477,3,0.5,"compromise",1,"ext_pro"
"57",11176,3,"Prosocial","Majority",7,3,8,15,0.11337570536477,3,-0.25,"anticonformity",1,"mod_pro"
"58",11176,4,"Risk","Majority",3,1,2,15,0.11337570536477,3,0.5,"compromise",1,"ext_risk"
"59",11176,5,"Risk","Majority",3,5,4,15,0.11337570536477,3,0.5,"compromise",1,"mod_risk"
"60",11176,6,"Risk","Majority",1,6,5,15,0.11337570536477,3,0.8,"compromise",1,"mod_risk"
"61",11176,7,"Prosocial","Popular peer",8,11,8,15,0.11337570536477,3,0,"stay",0,"ext_pro"
"62",11176,8,"Prosocial","Popular peer",10,7,9,15,0.11337570536477,3,0.333333333333333,"compromise",0,"mod_pro"
"63",11176,9,"Risk","Popular peer",4,1,3,15,0.11337570536477,3,0.333333333333333,"compromise",0,"ext_risk"
"64",11176,10,"Prosocial","Popular peer",4,6,5,15,0.11337570536477,3,0.5,"compromise",0,"ext_pro"
"65",11176,12,"Prosocial","Popular peer",11,9,10,15,0.11337570536477,3,0.5,"compromise",0,"mod_pro"
"66",11179,1,"Prosocial","Popular peer",8,11,6,15,0.11337570536477,3,-0.666666666666667,"anticonformity",0,"ext_pro"
"67",11179,2,"Risk","Popular peer",3,1,2,15,0.11337570536477,3,0.5,"compromise",0,"ext_risk"
"68",11179,4,"Risk","Popular peer",2,5,4,15,0.11337570536477,3,0.666666666666667,"compromise",0,"mod_risk"
"69",11179,6,"Prosocial","Popular peer",8,5,7,15,0.11337570536477,3,0.333333333333333,"compromise",0,"mod_pro"
"70",11179,7,"Prosocial","Majority",6,8,7,15,0.11337570536477,3,0.5,"compromise",1,"ext_pro"
"71",11179,8,"Prosocial","Majority",9,11,6,15,0.11337570536477,3,-1.5,"anticonformity",1,"ext_pro"
"72",11179,9,"Prosocial","Majority",8,11,8,15,0.11337570536477,3,0,"stay",1,"ext_pro"
"73",11179,10,"Risk","Majority",5,3,5,15,0.11337570536477,3,0,"stay",1,"ext_risk"
"74",11179,11,"Risk","Majority",3,1,2,15,0.11337570536477,3,0.5,"compromise",1,"ext_risk"
"75",11179,12,"Risk","Majority",6,4,4,15,0.11337570536477,3,1,"conformity",1,"ext_risk"
"76",11181,2,"Risk","Majority",3,5,4,15,0.11337570536477,3,0.5,"compromise",1,"mod_risk"
"77",11181,3,"Prosocial","Majority",9,11,11,15,0.11337570536477,3,1,"conformity",1,"ext_pro"
"78",11181,4,"Prosocial","Majority",7,5,5,15,0.11337570536477,3,1,"conformity",1,"mod_pro"
"79",11181,6,"Risk","Majority",3,1,1,15,0.11337570536477,3,1,"conformity",1,"ext_risk"
"80",11181,7,"Prosocial","Popular peer",7,11,11,15,0.11337570536477,3,1,"conformity",0,"ext_pro"
"81",11181,8,"Prosocial","Popular peer",3,6,7,15,0.11337570536477,3,1.33333333333333,"afterconformity",0,"ext_pro"
"82",11181,11,"Risk","Popular peer",4,1,2,15,0.11337570536477,3,0.666666666666667,"compromise",0,"ext_risk"
"83",11181,12,"Risk","Popular peer",6,4,3,15,0.11337570536477,3,1.5,"afterconformity",0,"ext_risk"
"84",11182,1,"Prosocial","Popular peer",7,11,11,14,-0.362322360001696,3,1,"conformity",0,"ext_pro"
"85",11182,2,"Prosocial","Popular peer",11,7,11,14,-0.362322360001696,3,0,"stay",0,"mod_pro"
"86",11182,3,"Prosocial","Popular peer",11,9,7,14,-0.362322360001696,3,2,"afterconformity",0,"mod_pro"
"87",11182,5,"Risk","Popular peer",3,1,6,14,-0.362322360001696,3,-1.5,"anticonformity",0,"ext_risk"
"88",11182,6,"Risk","Popular peer",2,6,5,14,-0.362322360001696,3,0.75,"compromise",0,"mod_risk"
"89",11182,7,"Risk","Majority",4,6,6,14,-0.362322360001696,3,1,"conformity",1,"mod_risk"
"90",11182,8,"Prosocial","Majority",6,8,6,14,-0.362322360001696,3,0,"stay",1,"ext_pro"
"91",11182,9,"Risk","Majority",6,4,6,14,-0.362322360001696,3,0,"stay",1,"ext_risk"
"92",11182,12,"Risk","Majority",3,1,1,14,-0.362322360001696,3,1,"conformity",1,"ext_risk"
"93",11188,1,"Prosocial","Majority",6,11,10,15,0.11337570536477,3,0.8,"compromise",1,"ext_pro"
"94",11188,3,"Risk","Majority",3,1,1,15,0.11337570536477,3,1,"conformity",1,"ext_risk"
"95",11188,4,"Prosocial","Majority",10,7,7,15,0.11337570536477,3,1,"conformity",1,"mod_pro"
"96",11188,6,"Prosocial","Majority",3,5,4,15,0.11337570536477,3,0.5,"compromise",1,"ext_pro"
"97",11188,7,"Prosocial","Popular peer",11,9,11,15,0.11337570536477,3,0,"stay",0,"mod_pro"
"98",11188,8,"Prosocial","Popular peer",5,7,5,15,0.11337570536477,3,0,"stay",0,"ext_pro"
"99",11188,10,"Risk","Popular peer",3,1,1,15,0.11337570536477,3,1,"conformity",0,"ext_risk"
"100",11188,11,"Risk","Popular peer",2,5,2,15,0.11337570536477,3,0,"stay",0,"mod_risk"
"101",11188,12,"Prosocial","Popular peer",11,7,10,15,0.11337570536477,3,0.25,"compromise",0,"mod_pro"
"102",11192,2,"Prosocial","Popular peer",10,7,10,15,0.11337570536477,3,0,"stay",0,"mod_pro"
"103",11192,3,"Risk","Popular peer",6,1,2,15,0.11337570536477,3,0.8,"compromise",0,"ext_risk"
"104",11192,4,"Prosocial","Popular peer",8,11,11,15,0.11337570536477,3,1,"conformity",0,"ext_pro"
"105",11192,5,"Risk","Popular peer",1,5,4,15,0.11337570536477,3,0.75,"compromise",0,"mod_risk"
"106",11192,9,"Risk","Majority",2,4,2,15,0.11337570536477,3,0,"stay",1,"mod_risk"
"107",11192,11,"Risk","Majority",6,1,1,15,0.11337570536477,3,1,"conformity",1,"ext_risk"
"108",11192,12,"Prosocial","Majority",11,7,7,15,0.11337570536477,3,1,"conformity",1,"mod_pro"
"109",11196,3,"Prosocial","Majority",10,8,8,15,0.11337570536477,3,1,"conformity",1,"mod_pro"
"110",11196,4,"Prosocial","Majority",6,8,7,15,0.11337570536477,3,0.5,"compromise",1,"ext_pro"
"111",11196,5,"Prosocial","Majority",3,7,4,15,0.11337570536477,3,0.25,"compromise",1,"ext_pro"
"112",11196,6,"Risk","Majority",4,1,1,15,0.11337570536477,3,1,"conformity",1,"ext_risk"
"113",11196,7,"Risk","Popular peer",4,2,1,15,0.11337570536477,3,1.5,"afterconformity",0,"ext_risk"
"114",11196,9,"Prosocial","Popular peer",10,7,8,15,0.11337570536477,3,0.666666666666667,"compromise",0,"mod_pro"
"115",11196,10,"Prosocial","Popular peer",11,9,10,15,0.11337570536477,3,0.5,"compromise",0,"mod_pro"
"116",11196,11,"Risk","Popular peer",2,5,2,15,0.11337570536477,3,0,"stay",0,"mod_risk"
"117",11196,12,"Prosocial","Popular peer",2,11,3,15,0.11337570536477,3,0.111111111111111,"compromise",0,"ext_pro"
"118",11410,1,"Risk","Majority",3,1,3,13,-0.838020425368163,1,0,"stay",1,"ext_risk"
"119",11410,2,"Prosocial","Majority",9,11,11,13,-0.838020425368163,1,1,"conformity",1,"ext_pro"
"120",11410,3,"Risk","Majority",1,3,2,13,-0.838020425368163,1,0.5,"compromise",1,"mod_risk"
"121",11410,4,"Prosocial","Majority",10,7,9,13,-0.838020425368163,1,0.333333333333333,"compromise",1,"mod_pro"
"122",11410,5,"Prosocial","Majority",9,11,11,13,-0.838020425368163,1,1,"conformity",1,"ext_pro"
"123",11410,6,"Risk","Majority",3,6,5,13,-0.838020425368163,1,0.666666666666667,"compromise",1,"mod_risk"
"124",11410,8,"Risk","Popular peer",3,1,3,13,-0.838020425368163,1,0,"stay",0,"ext_risk"
"125",11410,9,"Prosocial","Popular peer",10,7,10,13,-0.838020425368163,1,0,"stay",0,"mod_pro"
"126",11410,11,"Prosocial","Popular peer",8,11,11,13,-0.838020425368163,1,1,"conformity",0,"ext_pro"
"127",11410,12,"Risk","Popular peer",4,6,4,13,-0.838020425368163,1,0,"stay",0,"mod_risk"
"128",11419,1,"Prosocial","Popular peer",5,1,6,13,-0.838020425368163,1,-0.25,"anticonformity",0,"mod_pro"
"129",11419,3,"Risk","Popular peer",1,4,2,13,-0.838020425368163,1,0.333333333333333,"compromise",0,"mod_risk"
"130",11419,4,"Prosocial","Popular peer",7,11,4,13,-0.838020425368163,1,-0.75,"anticonformity",0,"ext_pro"
"131",11419,5,"Prosocial","Popular peer",11,9,11,13,-0.838020425368163,1,0,"stay",0,"mod_pro"
"132",11419,6,"Prosocial","Popular peer",11,7,11,13,-0.838020425368163,1,0,"stay",0,"mod_pro"
"133",11419,7,"Risk","Majority",5,1,1,13,-0.838020425368163,1,1,"conformity",1,"ext_risk"
"134",11419,8,"Risk","Majority",4,6,6,13,-0.838020425368163,1,1,"conformity",1,"mod_risk"
"135",11419,9,"Prosocial","Majority",11,6,8,13,-0.838020425368163,1,0.6,"compromise",1,"mod_pro"
"136",11419,12,"Prosocial","Majority",1,7,5,13,-0.838020425368163,1,0.666666666666667,"compromise",1,"ext_pro"
"137",11420,1,"Risk","Majority",6,3,3,13,-0.838020425368163,1,1,"conformity",1,"ext_risk"
"138",11420,3,"Risk","Majority",6,1,1,13,-0.838020425368163,1,1,"conformity",1,"ext_risk"
"139",11420,4,"Prosocial","Majority",4,6,6,13,-0.838020425368163,1,1,"conformity",1,"ext_pro"
"140",11420,5,"Risk","Majority",10,1,1,13,-0.838020425368163,1,1,"conformity",1,"ext_risk"
"141",11420,6,"Prosocial","Majority",6,11,11,13,-0.838020425368163,1,1,"conformity",1,"ext_pro"
"142",11420,7,"Risk","Popular peer",1,3,1,13,-0.838020425368163,1,0,"stay",0,"mod_risk"
"143",11420,8,"Prosocial","Popular peer",6,1,1,13,-0.838020425368163,1,1,"conformity",0,"mod_pro"
"144",11420,9,"Risk","Popular peer",1,5,1,13,-0.838020425368163,1,0,"stay",0,"mod_risk"
"145",11420,10,"Risk","Popular peer",1,8,7,13,-0.838020425368163,1,0.857142857142857,"compromise",0,"mod_risk"
"146",11420,12,"Prosocial","Popular peer",6,9,9,13,-0.838020425368163,1,1,"conformity",0,"ext_pro"
"147",11422,2,"Risk","Majority",3,1,1,12,-1.31371849073463,1,1,"conformity",1,"ext_risk"
"148",11422,3,"Prosocial","Majority",3,7,1,12,-1.31371849073463,1,-0.5,"anticonformity",1,"ext_pro"
"149",11422,5,"Prosocial","Majority",9,6,6,12,-1.31371849073463,1,1,"conformity",1,"mod_pro"
"150",11422,6,"Risk","Majority",3,6,5,12,-1.31371849073463,1,0.666666666666667,"compromise",1,"mod_risk"
"151",11422,8,"Prosocial","Popular peer",5,10,7,12,-1.31371849073463,1,0.4,"compromise",0,"ext_pro"
"152",11422,9,"Prosocial","Popular peer",8,6,6,12,-1.31371849073463,1,1,"conformity",0,"mod_pro"
"153",11422,11,"Risk","Popular peer",1,5,1,12,-1.31371849073463,1,0,"stay",0,"mod_risk"
"154",11422,12,"Risk","Popular peer",3,1,1,12,-1.31371849073463,1,1,"conformity",0,"ext_risk"
"155",11427,2,"Prosocial","Popular peer",11,9,8,12,-1.31371849073463,1,1.5,"afterconformity",0,"mod_pro"
"156",11427,3,"Prosocial","Popular peer",6,11,9,12,-1.31371849073463,1,0.6,"compromise",0,"ext_pro"
"157",11427,4,"Risk","Popular peer",6,1,6,12,-1.31371849073463,1,0,"stay",0,"ext_risk"
"158",11427,5,"Risk","Popular peer",2,4,4,12,-1.31371849073463,1,1,"conformity",0,"mod_risk"
"159",11427,6,"Prosocial","Popular peer",11,7,8,12,-1.31371849073463,1,0.75,"compromise",0,"mod_pro"
"160",11427,8,"Risk","Majority",1,6,2,12,-1.31371849073463,1,0.2,"compromise",1,"mod_risk"
"161",11427,9,"Risk","Majority",4,1,3,12,-1.31371849073463,1,0.333333333333333,"compromise",1,"ext_risk"
"162",11427,10,"Risk","Majority",5,3,1,12,-1.31371849073463,1,2,"afterconformity",1,"ext_risk"
"163",11427,12,"Prosocial","Majority",7,11,11,12,-1.31371849073463,1,1,"conformity",1,"ext_pro"
"164",11435,1,"Prosocial","Majority",9,11,10,12,-1.31371849073463,1,0.5,"compromise",1,"ext_pro"
"165",11435,3,"Prosocial","Majority",2,6,7,12,-1.31371849073463,1,1.25,"afterconformity",1,"ext_pro"
"166",11435,4,"Risk","Majority",8,6,7,12,-1.31371849073463,1,0.5,"compromise",1,"ext_risk"
"167",11435,5,"Prosocial","Majority",9,11,10,12,-1.31371849073463,1,0.5,"compromise",1,"ext_pro"
"168",11435,6,"Risk","Majority",3,1,1,12,-1.31371849073463,1,1,"conformity",1,"ext_risk"
"169",11435,8,"Risk","Popular peer",4,6,4,12,-1.31371849073463,1,0,"stay",0,"mod_risk"
"170",11435,9,"Prosocial","Popular peer",9,11,11,12,-1.31371849073463,1,1,"conformity",0,"ext_pro"
"171",11435,10,"Risk","Popular peer",3,1,2,12,-1.31371849073463,1,0.5,"compromise",0,"ext_risk"
"172",11435,12,"Prosocial","Popular peer",9,7,6,12,-1.31371849073463,1,1.5,"afterconformity",0,"mod_pro"
"173",11439,2,"Risk","Majority",1,4,2,12,-1.31371849073463,1,0.333333333333333,"compromise",1,"mod_risk"
"174",11439,3,"Risk","Majority",1,3,2,12,-1.31371849073463,1,0.5,"compromise",1,"mod_risk"
"175",11439,4,"Risk","Majority",3,1,5,12,-1.31371849073463,1,-1,"anticonformity",1,"ext_risk"
"176",11439,5,"Prosocial","Majority",10,6,3,12,-1.31371849073463,1,1.75,"afterconformity",1,"mod_pro"
"177",11439,6,"Prosocial","Majority",6,8,1,12,-1.31371849073463,1,-2.5,"anticonformity",1,"ext_pro"
"178",11439,7,"Prosocial","Popular peer",11,9,10,12,-1.31371849073463,1,0.5,"compromise",0,"mod_pro"
"179",11439,9,"Risk","Popular peer",2,6,5,12,-1.31371849073463,1,0.75,"compromise",0,"mod_risk"
"180",11439,10,"Risk","Popular peer",6,1,6,12,-1.31371849073463,1,0,"stay",0,"ext_risk"
"181",11439,11,"Prosocial","Popular peer",6,9,6,12,-1.31371849073463,1,0,"stay",0,"ext_pro"
"182",11439,12,"Prosocial","Popular peer",11,7,8,12,-1.31371849073463,1,0.75,"compromise",0,"mod_pro"
"183",11444,2,"Risk","Majority",5,1,1,12,-1.31371849073463,1,1,"conformity",1,"ext_risk"
"184",11444,3,"Prosocial","Majority",6,11,11,12,-1.31371849073463,1,1,"conformity",1,"ext_pro"
"185",11444,5,"Risk","Majority",11,3,6,12,-1.31371849073463,1,0.625,"compromise",1,"ext_risk"
"186",11444,6,"Prosocial","Majority",1,6,6,12,-1.31371849073463,1,1,"conformity",1,"ext_pro"
"187",11444,7,"Risk","Popular peer",1,3,2,12,-1.31371849073463,1,0.5,"compromise",0,"mod_risk"
"188",11444,8,"Risk","Popular peer",1,4,1,12,-1.31371849073463,1,0,"stay",0,"mod_risk"
"189",11444,9,"Prosocial","Popular peer",6,10,8,12,-1.31371849073463,1,0.5,"compromise",0,"ext_pro"
"190",11444,10,"Prosocial","Popular peer",11,9,11,12,-1.31371849073463,1,0,"stay",0,"mod_pro"
"191",11444,11,"Risk","Popular peer",6,1,6,12,-1.31371849073463,1,0,"stay",0,"ext_risk"
"192",11444,12,"Prosocial","Popular peer",11,7,9,12,-1.31371849073463,1,0.5,"compromise",0,"mod_pro"
"193",11445,1,"Prosocial","Popular peer",8,11,11,12,-1.31371849073463,1,1,"conformity",0,"ext_pro"
"194",11445,2,"Risk","Popular peer",3,1,1,12,-1.31371849073463,1,1,"conformity",0,"ext_risk"
"195",11445,4,"Risk","Popular peer",3,6,4,12,-1.31371849073463,1,0.333333333333333,"compromise",0,"mod_risk"
"196",11445,6,"Prosocial","Popular peer",10,7,9,12,-1.31371849073463,1,0.333333333333333,"compromise",0,"mod_pro"
"197",11445,8,"Prosocial","Majority",3,6,4,12,-1.31371849073463,1,0.333333333333333,"compromise",1,"ext_pro"
"198",11445,9,"Risk","Majority",3,1,3,12,-1.31371849073463,1,0,"stay",1,"ext_risk"
"199",11445,10,"Prosocial","Majority",7,11,11,12,-1.31371849073463,1,1,"conformity",1,"ext_pro"
"200",11445,11,"Prosocial","Majority",8,11,10,12,-1.31371849073463,1,0.666666666666667,"compromise",1,"ext_pro"
"201",11445,12,"Prosocial","Majority",8,6,7,12,-1.31371849073463,1,0.5,"compromise",1,"mod_pro"
"202",11451,1,"Prosocial","Majority",9,11,11,12,-1.31371849073463,1,1,"conformity",1,"ext_pro"
"203",11451,2,"Prosocial","Majority",9,11,10,12,-1.31371849073463,1,0.5,"compromise",1,"ext_pro"
"204",11451,3,"Risk","Majority",3,1,1,12,-1.31371849073463,1,1,"conformity",1,"ext_risk"
"205",11451,4,"Prosocial","Majority",9,6,6,12,-1.31371849073463,1,1,"conformity",1,"mod_pro"
"206",11451,5,"Risk","Majority",3,6,4,12,-1.31371849073463,1,0.333333333333333,"compromise",1,"mod_risk"
"207",11451,6,"Risk","Majority",5,3,1,12,-1.31371849073463,1,2,"afterconformity",1,"ext_risk"
"208",11451,8,"Prosocial","Popular peer",9,6,9,12,-1.31371849073463,1,0,"stay",0,"mod_pro"
"209",11451,9,"Risk","Popular peer",3,1,1,12,-1.31371849073463,1,1,"conformity",0,"ext_risk"
"210",11451,10,"Prosocial","Popular peer",7,11,9,12,-1.31371849073463,1,0.5,"compromise",0,"ext_pro"
"211",11451,12,"Risk","Popular peer",3,6,5,12,-1.31371849073463,1,0.666666666666667,"compromise",0,"mod_risk"
"212",11452,1,"Prosocial","Majority",9,6,6,13,-0.838020425368163,1,1,"conformity",1,"mod_pro"
"213",11452,2,"Risk","Majority",3,1,2,13,-0.838020425368163,1,0.5,"compromise",1,"ext_risk"
"214",11452,4,"Prosocial","Majority",4,6,6,13,-0.838020425368163,1,1,"conformity",1,"ext_pro"
"215",11452,5,"Prosocial","Majority",9,11,11,13,-0.838020425368163,1,1,"conformity",1,"ext_pro"
"216",11452,6,"Prosocial","Majority",9,11,10,13,-0.838020425368163,1,0.5,"compromise",1,"ext_pro"
"217",11452,7,"Risk","Popular peer",3,7,3,13,-0.838020425368163,1,0,"stay",0,"mod_risk"
"218",11452,8,"Prosocial","Popular peer",9,7,7,13,-0.838020425368163,1,1,"conformity",0,"mod_pro"
"219",11452,9,"Prosocial","Popular peer",8,11,9,13,-0.838020425368163,1,0.333333333333333,"compromise",0,"ext_pro"
"220",11452,10,"Risk","Popular peer",3,1,2,13,-0.838020425368163,1,0.5,"compromise",0,"ext_risk"
"221",11453,2,"Risk","Majority",6,1,1,13,-0.838020425368163,1,1,"conformity",1,"ext_risk"
"222",11453,4,"Risk","Majority",3,6,6,13,-0.838020425368163,1,1,"conformity",1,"mod_risk"
"223",11453,5,"Prosocial","Majority",11,6,9,13,-0.838020425368163,1,0.4,"compromise",1,"mod_pro"
"224",11453,6,"Prosocial","Majority",4,6,6,13,-0.838020425368163,1,1,"conformity",1,"ext_pro"
"225",11453,7,"Prosocial","Popular peer",11,7,11,13,-0.838020425368163,1,0,"stay",0,"mod_pro"
"226",11453,8,"Risk","Popular peer",1,5,1,13,-0.838020425368163,1,0,"stay",0,"mod_risk"
"227",11453,9,"Risk","Popular peer",1,3,2,13,-0.838020425368163,1,0.5,"compromise",0,"mod_risk"
"228",11453,10,"Prosocial","Popular peer",11,9,9,13,-0.838020425368163,1,1,"conformity",0,"mod_pro"
"229",11453,11,"Risk","Popular peer",1,11,1,13,-0.838020425368163,1,0,"stay",0,"mod_risk"
"230",11453,12,"Risk","Popular peer",6,1,2,13,-0.838020425368163,1,0.8,"compromise",0,"ext_risk"
"231",11460,1,"Prosocial","Popular peer",11,9,9,12,-1.31371849073463,1,1,"conformity",0,"mod_pro"
"232",11460,2,"Risk","Popular peer",3,1,1,12,-1.31371849073463,1,1,"conformity",0,"ext_risk"
"233",11460,4,"Prosocial","Popular peer",10,7,10,12,-1.31371849073463,1,0,"stay",0,"mod_pro"
"234",11460,5,"Prosocial","Popular peer",6,11,11,12,-1.31371849073463,1,1,"conformity",0,"ext_pro"
"235",11460,6,"Risk","Popular peer",1,5,2,12,-1.31371849073463,1,0.25,"compromise",0,"mod_risk"
"236",11460,7,"Prosocial","Majority",8,11,11,12,-1.31371849073463,1,1,"conformity",1,"ext_pro"
"237",11460,8,"Prosocial","Majority",8,6,8,12,-1.31371849073463,1,0,"stay",1,"mod_pro"
"238",11460,9,"Prosocial","Majority",4,6,6,12,-1.31371849073463,1,1,"conformity",1,"ext_pro"
"239",11460,10,"Risk","Majority",3,1,1,12,-1.31371849073463,1,1,"conformity",1,"ext_risk"
"240",11460,11,"Prosocial","Majority",9,11,11,12,-1.31371849073463,1,1,"conformity",1,"ext_pro"
"241",11465,2,"Risk","Majority",1,4,1,13,-0.838020425368163,1,0,"stay",1,"mod_risk"
"242",11465,3,"Prosocial","Majority",11,6,6,13,-0.838020425368163,1,1,"conformity",1,"mod_pro"
"243",11465,4,"Risk","Majority",3,1,6,13,-0.838020425368163,1,-1.5,"anticonformity",1,"ext_risk"
"244",11465,5,"Prosocial","Majority",6,11,11,13,-0.838020425368163,1,1,"conformity",1,"ext_pro"
"245",11465,8,"Prosocial","Popular peer",1,5,6,13,-0.838020425368163,1,1.25,"afterconformity",0,"ext_pro"
"246",11465,9,"Prosocial","Popular peer",10,7,8,13,-0.838020425368163,1,0.666666666666667,"compromise",0,"mod_pro"
"247",11465,10,"Prosocial","Popular peer",6,9,6,13,-0.838020425368163,1,0,"stay",0,"ext_pro"
"248",11465,11,"Prosocial","Popular peer",11,9,10,13,-0.838020425368163,1,0.5,"compromise",0,"mod_pro"
"249",11465,12,"Prosocial","Popular peer",6,1,6,13,-0.838020425368163,1,0,"stay",0,"mod_pro"
"250",11499,2,"Risk","Majority",6,3,3,13,-0.838020425368163,1,1,"conformity",1,"ext_risk"
"251",11499,3,"Risk","Majority",3,1,1,13,-0.838020425368163,1,1,"conformity",1,"ext_risk"
"252",11499,4,"Prosocial","Majority",7,11,11,13,-0.838020425368163,1,1,"conformity",1,"ext_pro"
"253",11499,5,"Risk","Majority",3,6,4,13,-0.838020425368163,1,0.333333333333333,"compromise",1,"mod_risk"
"254",11499,6,"Prosocial","Majority",9,11,11,13,-0.838020425368163,1,1,"conformity",1,"ext_pro"
"255",11499,7,"Prosocial","Popular peer",11,7,11,13,-0.838020425368163,1,0,"stay",0,"mod_pro"
"256",11499,8,"Prosocial","Popular peer",3,1,1,13,-0.838020425368163,1,1,"conformity",0,"mod_pro"
"257",11499,9,"Prosocial","Popular peer",11,9,11,13,-0.838020425368163,1,0,"stay",0,"mod_pro"
"258",11499,10,"Prosocial","Popular peer",6,11,11,13,-0.838020425368163,1,1,"conformity",0,"ext_pro"
"259",11499,12,"Risk","Popular peer",1,5,1,13,-0.838020425368163,1,0,"stay",0,"mod_risk"
"260",11501,1,"Prosocial","Popular peer",7,11,11,12,-1.31371849073463,1,1,"conformity",0,"ext_pro"
"261",11501,4,"Risk","Popular peer",3,5,3,12,-1.31371849073463,1,0,"stay",0,"mod_risk"
"262",11501,5,"Prosocial","Popular peer",8,6,11,12,-1.31371849073463,1,-1.5,"anticonformity",0,"mod_pro"
"263",11501,6,"Risk","Popular peer",3,1,2,12,-1.31371849073463,1,0.5,"compromise",0,"ext_risk"
"264",11501,7,"Prosocial","Majority",9,11,9,12,-1.31371849073463,1,0,"stay",1,"ext_pro"
"265",11501,9,"Risk","Majority",3,1,1,12,-1.31371849073463,1,1,"conformity",1,"ext_risk"
"266",11501,10,"Risk","Majority",2,6,4,12,-1.31371849073463,1,0.5,"compromise",1,"mod_risk"
"267",11501,12,"Prosocial","Majority",8,6,9,12,-1.31371849073463,1,-0.5,"anticonformity",1,"mod_pro"
"268",11510,1,"Risk","Majority",3,6,6,12,-1.31371849073463,1,1,"conformity",1,"mod_risk"
"269",11510,3,"Risk","Majority",3,1,2,12,-1.31371849073463,1,0.5,"compromise",1,"ext_risk"
"270",11510,4,"Prosocial","Majority",6,11,11,12,-1.31371849073463,1,1,"conformity",1,"ext_pro"
"271",11510,5,"Prosocial","Majority",11,6,6,12,-1.31371849073463,1,1,"conformity",1,"mod_pro"
"272",11510,6,"Prosocial","Majority",9,11,11,12,-1.31371849073463,1,1,"conformity",1,"ext_pro"
"273",11510,7,"Prosocial","Popular peer",11,9,11,12,-1.31371849073463,1,0,"stay",0,"mod_pro"
"274",11510,8,"Risk","Popular peer",1,5,2,12,-1.31371849073463,1,0.25,"compromise",0,"mod_risk"
"275",11510,10,"Prosocial","Popular peer",11,7,11,12,-1.31371849073463,1,0,"stay",0,"mod_pro"
"276",11510,11,"Risk","Popular peer",4,1,2,12,-1.31371849073463,1,0.666666666666667,"compromise",0,"ext_risk"
"277",11510,12,"Prosocial","Popular peer",6,8,6,12,-1.31371849073463,1,0,"stay",0,"ext_pro"
"278",11511,1,"Prosocial","Majority",6,9,8,12,-1.31371849073463,1,0.666666666666667,"compromise",1,"ext_pro"
"279",11511,2,"Prosocial","Majority",11,6,7,12,-1.31371849073463,1,0.8,"compromise",1,"mod_pro"
"280",11511,4,"Risk","Majority",3,1,1,12,-1.31371849073463,1,1,"conformity",1,"ext_risk"
"281",11511,5,"Prosocial","Majority",6,11,11,12,-1.31371849073463,1,1,"conformity",1,"ext_pro"
"282",11511,7,"Prosocial","Popular peer",6,11,9,12,-1.31371849073463,1,0.6,"compromise",0,"ext_pro"
"283",11511,8,"Prosocial","Popular peer",11,7,7,12,-1.31371849073463,1,1,"conformity",0,"mod_pro"
"284",11511,9,"Risk","Popular peer",3,1,1,12,-1.31371849073463,1,1,"conformity",0,"ext_risk"
"285",11511,10,"Prosocial","Popular peer",11,9,8,12,-1.31371849073463,1,1.5,"afterconformity",0,"mod_pro"
"286",11511,12,"Risk","Popular peer",2,5,6,12,-1.31371849073463,1,1.33333333333333,"afterconformity",0,"mod_risk"
"287",11520,1,"Prosocial","Majority",4,6,6,13,-0.838020425368163,1,1,"conformity",1,"ext_pro"
"288",11520,2,"Risk","Majority",3,1,1,13,-0.838020425368163,1,1,"conformity",1,"ext_risk"
"289",11520,5,"Prosocial","Majority",8,11,11,13,-0.838020425368163,1,1,"conformity",1,"ext_pro"
"290",11520,6,"Prosocial","Majority",8,6,7,13,-0.838020425368163,1,0.5,"compromise",1,"mod_pro"
"291",11520,8,"Prosocial","Popular peer",7,9,9,13,-0.838020425368163,1,1,"conformity",0,"ext_pro"
"292",11520,9,"Risk","Popular peer",2,5,5,13,-0.838020425368163,1,1,"conformity",0,"mod_risk"
"293",11520,10,"Risk","Popular peer",3,1,3,13,-0.838020425368163,1,0,"stay",0,"ext_risk"
"294",11520,11,"Prosocial","Popular peer",7,11,11,13,-0.838020425368163,1,1,"conformity",0,"ext_pro"
"295",11520,12,"Prosocial","Popular peer",11,7,8,13,-0.838020425368163,1,0.75,"compromise",0,"mod_pro"
"296",11521,2,"Risk","Majority",3,1,1,12,-1.31371849073463,1,1,"conformity",1,"ext_risk"
"297",11521,3,"Risk","Majority",8,6,6,12,-1.31371849073463,1,1,"conformity",1,"ext_risk"
"298",11521,4,"Prosocial","Majority",9,11,9,12,-1.31371849073463,1,0,"stay",1,"ext_pro"
"299",11521,5,"Prosocial","Majority",7,11,10,12,-1.31371849073463,1,0.75,"compromise",1,"ext_pro"
"300",11521,6,"Prosocial","Majority",7,11,11,12,-1.31371849073463,1,1,"conformity",1,"ext_pro"
"301",11521,8,"Risk","Popular peer",3,5,4,12,-1.31371849073463,1,0.5,"compromise",0,"mod_risk"
"302",11521,9,"Prosocial","Popular peer",11,9,11,12,-1.31371849073463,1,0,"stay",0,"mod_pro"
"303",11521,10,"Prosocial","Popular peer",6,9,8,12,-1.31371849073463,1,0.666666666666667,"compromise",0,"ext_pro"
"304",11521,11,"Prosocial","Popular peer",10,7,10,12,-1.31371849073463,1,0,"stay",0,"mod_pro"
"305",11521,12,"Risk","Popular peer",3,1,2,12,-1.31371849073463,1,0.5,"compromise",0,"ext_risk"
"306",11525,2,"Prosocial","Majority",9,11,10,13,-0.838020425368163,1,0.5,"compromise",1,"ext_pro"
"307",11525,3,"Risk","Majority",1,6,6,13,-0.838020425368163,1,1,"conformity",1,"mod_risk"
"308",11525,5,"Risk","Majority",5,1,3,13,-0.838020425368163,1,0.5,"compromise",1,"ext_risk"
"309",11525,7,"Prosocial","Popular peer",10,7,9,13,-0.838020425368163,1,0.333333333333333,"compromise",0,"mod_pro"
"310",11525,9,"Prosocial","Popular peer",1,5,5,13,-0.838020425368163,1,1,"conformity",0,"ext_pro"
"311",11525,10,"Prosocial","Popular peer",8,11,8,13,-0.838020425368163,1,0,"stay",0,"ext_pro"
"312",11525,12,"Risk","Popular peer",6,2,3,13,-0.838020425368163,1,0.75,"compromise",0,"ext_risk"
"313",11541,2,"Prosocial","Majority",6,11,11,12,-1.31371849073463,1,1,"conformity",1,"ext_pro"
"314",11541,4,"Risk","Majority",3,1,4,12,-1.31371849073463,1,-0.5,"anticonformity",1,"ext_risk"
"315",11541,5,"Risk","Majority",3,5,4,12,-1.31371849073463,1,0.5,"compromise",1,"mod_risk"
"316",11541,6,"Prosocial","Majority",11,6,6,12,-1.31371849073463,1,1,"conformity",1,"mod_pro"
"317",11541,7,"Prosocial","Popular peer",11,9,10,12,-1.31371849073463,1,0.5,"compromise",0,"mod_pro"
"318",11541,9,"Risk","Popular peer",3,1,3,12,-1.31371849073463,1,0,"stay",0,"ext_risk"
"319",11541,10,"Prosocial","Popular peer",10,7,8,12,-1.31371849073463,1,0.666666666666667,"compromise",0,"mod_pro"
"320",11541,11,"Prosocial","Popular peer",6,8,6,12,-1.31371849073463,1,0,"stay",0,"ext_pro"
"321",11541,12,"Risk","Popular peer",1,4,3,12,-1.31371849073463,1,0.666666666666667,"compromise",0,"mod_risk"
"322",11551,2,"Risk","Majority",3,5,5,12,-1.31371849073463,1,1,"conformity",1,"mod_risk"
"323",11551,4,"Risk","Majority",3,1,2,12,-1.31371849073463,1,0.5,"compromise",1,"ext_risk"
"324",11551,5,"Risk","Majority",6,3,4,12,-1.31371849073463,1,0.666666666666667,"compromise",1,"ext_risk"
"325",11551,6,"Prosocial","Majority",9,11,11,12,-1.31371849073463,1,1,"conformity",1,"ext_pro"
"326",11551,7,"Risk","Popular peer",1,5,4,12,-1.31371849073463,1,0.75,"compromise",0,"mod_risk"
"327",11551,10,"Prosocial","Popular peer",9,7,10,12,-1.31371849073463,1,-0.5,"anticonformity",0,"mod_pro"
"328",11551,11,"Risk","Popular peer",3,1,2,12,-1.31371849073463,1,0.5,"compromise",0,"ext_risk"
"329",11551,12,"Prosocial","Popular peer",9,11,8,12,-1.31371849073463,1,-0.5,"anticonformity",0,"ext_pro"
"330",11559,1,"Prosocial","Popular peer",11,7,8,12,-1.31371849073463,1,0.75,"compromise",0,"mod_pro"
"331",11559,2,"Risk","Popular peer",3,1,2,12,-1.31371849073463,1,0.5,"compromise",0,"ext_risk"
"332",11559,5,"Prosocial","Popular peer",8,11,9,12,-1.31371849073463,1,0.333333333333333,"compromise",0,"ext_pro"
"333",11559,6,"Risk","Popular peer",2,5,4,12,-1.31371849073463,1,0.666666666666667,"compromise",0,"mod_risk"
"334",11559,8,"Prosocial","Majority",8,11,10,12,-1.31371849073463,1,0.666666666666667,"compromise",1,"ext_pro"
"335",11559,10,"Prosocial","Majority",10,8,9,12,-1.31371849073463,1,0.5,"compromise",1,"mod_pro"
"336",11559,11,"Risk","Majority",2,6,6,12,-1.31371849073463,1,1,"conformity",1,"mod_risk"
"337",11559,12,"Risk","Majority",3,1,1,12,-1.31371849073463,1,1,"conformity",1,"ext_risk"
"338",11560,3,"Prosocial","Majority",9,6,6,12,-1.31371849073463,1,1,"conformity",1,"mod_pro"
"339",11560,4,"Prosocial","Majority",8,11,8,12,-1.31371849073463,1,0,"stay",1,"ext_pro"
"340",11560,5,"Risk","Majority",3,1,1,12,-1.31371849073463,1,1,"conformity",1,"ext_risk"
"341",11560,6,"Risk","Majority",3,5,4,12,-1.31371849073463,1,0.5,"compromise",1,"mod_risk"
"342",11560,7,"Risk","Popular peer",4,1,1,12,-1.31371849073463,1,1,"conformity",0,"ext_risk"
"343",11560,8,"Prosocial","Popular peer",8,11,9,12,-1.31371849073463,1,0.333333333333333,"compromise",0,"ext_pro"
"344",11560,9,"Prosocial","Popular peer",8,10,10,12,-1.31371849073463,1,1,"conformity",0,"ext_pro"
"345",11560,10,"Risk","Popular peer",2,5,3,12,-1.31371849073463,1,0.333333333333333,"compromise",0,"mod_risk"
"346",11560,11,"Prosocial","Popular peer",10,7,8,12,-1.31371849073463,1,0.666666666666667,"compromise",0,"mod_pro"
"347",11563,2,"Risk","Majority",3,6,6,13,-0.838020425368163,1,1,"conformity",1,"mod_risk"
"348",11563,3,"Risk","Majority",3,1,1,13,-0.838020425368163,1,1,"conformity",1,"ext_risk"
"349",11563,4,"Risk","Majority",6,1,2,13,-0.838020425368163,1,0.8,"compromise",1,"ext_risk"
"350",11563,6,"Prosocial","Majority",9,11,11,13,-0.838020425368163,1,1,"conformity",1,"ext_pro"
"351",11563,7,"Prosocial","Popular peer",7,11,11,13,-0.838020425368163,1,1,"conformity",0,"ext_pro"
"352",11563,10,"Risk","Popular peer",3,1,1,13,-0.838020425368163,1,1,"conformity",0,"ext_risk"
"353",11563,11,"Risk","Popular peer",3,5,5,13,-0.838020425368163,1,1,"conformity",0,"mod_risk"
"354",11563,12,"Prosocial","Popular peer",10,7,7,13,-0.838020425368163,1,1,"conformity",0,"mod_pro"
"355",11564,1,"Risk","Majority",4,1,1,12,-1.31371849073463,1,1,"conformity",1,"ext_risk"
"356",11564,2,"Prosocial","Majority",9,11,11,12,-1.31371849073463,1,1,"conformity",1,"ext_pro"
"357",11564,3,"Prosocial","Majority",6,11,10,12,-1.31371849073463,1,0.8,"compromise",1,"ext_pro"
"358",11564,5,"Risk","Majority",3,6,6,12,-1.31371849073463,1,1,"conformity",1,"mod_risk"
"359",11564,6,"Risk","Majority",5,3,4,12,-1.31371849073463,1,0.5,"compromise",1,"ext_risk"
"360",11564,7,"Prosocial","Popular peer",3,5,5,12,-1.31371849073463,1,1,"conformity",0,"ext_pro"
"361",11564,8,"Prosocial","Popular peer",6,11,9,12,-1.31371849073463,1,0.6,"compromise",0,"ext_pro"
"362",11564,9,"Risk","Popular peer",4,1,4,12,-1.31371849073463,1,0,"stay",0,"ext_risk"
"363",11564,10,"Prosocial","Popular peer",10,7,8,12,-1.31371849073463,1,0.666666666666667,"compromise",0,"mod_pro"
"364",11564,12,"Prosocial","Popular peer",11,9,8,12,-1.31371849073463,1,1.5,"afterconformity",0,"mod_pro"
"365",11574,1,"Risk","Popular peer",1,5,6,12,-1.31371849073463,1,1.25,"afterconformity",0,"mod_risk"
"366",11574,3,"Risk","Popular peer",4,2,6,12,-1.31371849073463,1,-1,"anticonformity",0,"ext_risk"
"367",11574,4,"Prosocial","Popular peer",9,7,6,12,-1.31371849073463,1,1.5,"afterconformity",0,"mod_pro"
"368",11574,6,"Prosocial","Popular peer",7,9,7,12,-1.31371849073463,1,0,"stay",0,"ext_pro"
"369",11574,8,"Prosocial","Majority",9,11,10,12,-1.31371849073463,1,0.5,"compromise",1,"ext_pro"
"370",11574,9,"Prosocial","Majority",4,6,6,12,-1.31371849073463,1,1,"conformity",1,"ext_pro"
"371",11574,10,"Prosocial","Majority",11,6,6,12,-1.31371849073463,1,1,"conformity",1,"mod_pro"
"372",11574,11,"Prosocial","Majority",9,11,10,12,-1.31371849073463,1,0.5,"compromise",1,"ext_pro"
"373",11582,1,"Prosocial","Popular peer",4,6,7,13,-0.838020425368163,1,1.5,"afterconformity",0,"ext_pro"
"374",11582,2,"Prosocial","Popular peer",9,7,8,13,-0.838020425368163,1,0.5,"compromise",0,"mod_pro"
"375",11582,3,"Risk","Popular peer",3,1,4,13,-0.838020425368163,1,-0.5,"anticonformity",0,"ext_risk"
"376",11582,4,"Prosocial","Popular peer",8,11,10,13,-0.838020425368163,1,0.666666666666667,"compromise",0,"ext_pro"
"377",11582,7,"Prosocial","Majority",9,11,9,13,-0.838020425368163,1,0,"stay",1,"ext_pro"
"378",11582,8,"Risk","Majority",3,1,1,13,-0.838020425368163,1,1,"conformity",1,"ext_risk"
"379",11582,9,"Risk","Majority",5,3,3,13,-0.838020425368163,1,1,"conformity",1,"ext_risk"
"380",11582,11,"Prosocial","Majority",9,11,9,13,-0.838020425368163,1,0,"stay",1,"ext_pro"
"381",11585,1,"Prosocial","Popular peer",11,9,11,13,-0.838020425368163,1,0,"stay",0,"mod_pro"
"382",11585,2,"Risk","Popular peer",1,3,2,13,-0.838020425368163,1,0.5,"compromise",0,"mod_risk"
"383",11585,3,"Risk","Popular peer",1,5,1,13,-0.838020425368163,1,0,"stay",0,"mod_risk"
"384",11585,4,"Risk","Popular peer",1,8,7,13,-0.838020425368163,1,0.857142857142857,"compromise",0,"mod_risk"
"385",11585,5,"Prosocial","Popular peer",11,3,10,13,-0.838020425368163,1,0.125,"compromise",0,"mod_pro"
"386",11585,6,"Prosocial","Popular peer",11,7,8,13,-0.838020425368163,1,0.75,"compromise",0,"mod_pro"
"387",11585,7,"Prosocial","Majority",8,6,7,13,-0.838020425368163,1,0.5,"compromise",1,"mod_pro"
"388",11585,8,"Risk","Majority",3,6,5,13,-0.838020425368163,1,0.666666666666667,"compromise",1,"mod_risk"
"389",11585,9,"Prosocial","Majority",9,6,6,13,-0.838020425368163,1,1,"conformity",1,"mod_pro"
"390",11585,10,"Prosocial","Majority",1,7,7,13,-0.838020425368163,1,1,"conformity",1,"ext_pro"
"391",11585,11,"Risk","Majority",1,3,1,13,-0.838020425368163,1,0,"stay",1,"mod_risk"
"392",11585,12,"Prosocial","Majority",11,9,10,13,-0.838020425368163,1,0.5,"compromise",1,"mod_pro"
"393",11590,1,"Risk","Majority",6,1,3,12,-1.31371849073463,1,0.6,"compromise",1,"ext_risk"
"394",11590,2,"Prosocial","Majority",9,11,11,12,-1.31371849073463,1,1,"conformity",1,"ext_pro"
"395",11590,5,"Risk","Majority",3,1,1,12,-1.31371849073463,1,1,"conformity",1,"ext_risk"
"396",11590,6,"Prosocial","Majority",4,6,6,12,-1.31371849073463,1,1,"conformity",1,"ext_pro"
"397",11590,8,"Prosocial","Popular peer",8,10,6,12,-1.31371849073463,1,-1,"anticonformity",0,"ext_pro"
"398",11590,9,"Risk","Popular peer",2,5,6,12,-1.31371849073463,1,1.33333333333333,"afterconformity",0,"mod_risk"
"399",11590,11,"Risk","Popular peer",3,1,2,12,-1.31371849073463,1,0.5,"compromise",0,"ext_risk"
"400",11590,12,"Prosocial","Popular peer",9,7,9,12,-1.31371849073463,1,0,"stay",0,"mod_pro"
"401",11591,1,"Risk","Majority",1,5,3,13,-0.838020425368163,1,0.5,"compromise",1,"mod_risk"
"402",11591,2,"Prosocial","Majority",11,9,9,13,-0.838020425368163,1,1,"conformity",1,"mod_pro"
"403",11591,3,"Prosocial","Majority",8,6,6,13,-0.838020425368163,1,1,"conformity",1,"mod_pro"
"404",11591,4,"Prosocial","Majority",11,8,9,13,-0.838020425368163,1,0.666666666666667,"compromise",1,"mod_pro"
"405",11591,5,"Prosocial","Majority",1,7,4,13,-0.838020425368163,1,0.5,"compromise",1,"ext_pro"
"406",11591,6,"Risk","Majority",1,3,2,13,-0.838020425368163,1,0.5,"compromise",1,"mod_risk"
"407",11591,7,"Risk","Popular peer",1,8,6,13,-0.838020425368163,1,0.714285714285714,"compromise",0,"mod_risk"
"408",11591,8,"Prosocial","Popular peer",11,9,11,13,-0.838020425368163,1,0,"stay",0,"mod_pro"
"409",11591,9,"Risk","Popular peer",1,3,1,13,-0.838020425368163,1,0,"stay",0,"mod_risk"
"410",11591,10,"Risk","Popular peer",1,5,1,13,-0.838020425368163,1,0,"stay",0,"mod_risk"
"411",11591,11,"Prosocial","Popular peer",11,7,11,13,-0.838020425368163,1,0,"stay",0,"mod_pro"
"412",11591,12,"Prosocial","Popular peer",11,3,4,13,-0.838020425368163,1,0.875,"compromise",0,"mod_pro"
"413",11597,1,"Prosocial","Majority",6,9,7,12,-1.31371849073463,1,0.333333333333333,"compromise",1,"ext_pro"
"414",11597,2,"Risk","Majority",3,1,3,12,-1.31371849073463,1,0,"stay",1,"ext_risk"
"415",11597,4,"Prosocial","Majority",3,6,6,12,-1.31371849073463,1,1,"conformity",1,"ext_pro"
"416",11597,5,"Prosocial","Majority",10,6,10,12,-1.31371849073463,1,0,"stay",1,"mod_pro"
"417",11597,6,"Prosocial","Majority",9,11,8,12,-1.31371849073463,1,-0.5,"anticonformity",1,"ext_pro"
"418",11597,8,"Prosocial","Popular peer",2,5,4,12,-1.31371849073463,1,0.666666666666667,"compromise",0,"ext_pro"
"419",11597,9,"Risk","Popular peer",5,1,6,12,-1.31371849073463,1,-0.25,"anticonformity",0,"ext_risk"
"420",11597,11,"Prosocial","Popular peer",6,8,10,12,-1.31371849073463,1,2,"afterconformity",0,"ext_pro"
"421",11597,12,"Prosocial","Popular peer",10,7,9,12,-1.31371849073463,1,0.333333333333333,"compromise",0,"mod_pro"
"422",11605,1,"Risk","Majority",4,1,3,17,1.0647718360977,5,0.333333333333333,"compromise",1,"ext_risk"
"423",11605,2,"Prosocial","Majority",3,6,5,17,1.0647718360977,5,0.666666666666667,"compromise",1,"ext_pro"
"424",11605,5,"Risk","Majority",8,6,6,17,1.0647718360977,5,1,"conformity",1,"ext_risk"
"425",11605,6,"Risk","Majority",5,7,5,17,1.0647718360977,5,0,"stay",1,"mod_risk"
"426",11605,7,"Risk","Popular peer",4,1,1,17,1.0647718360977,5,1,"conformity",0,"ext_risk"
"427",11605,8,"Prosocial","Popular peer",9,7,7,17,1.0647718360977,5,1,"conformity",0,"mod_pro"
"428",11605,10,"Risk","Popular peer",6,10,6,17,1.0647718360977,5,0,"stay",0,"mod_risk"
"429",11605,11,"Risk","Popular peer",1,5,2,17,1.0647718360977,5,0.25,"compromise",0,"mod_risk"
"430",11606,1,"Risk","Majority",4,2,2,17,1.0647718360977,5,1,"conformity",1,"ext_risk"
"431",11606,3,"Risk","Majority",3,5,3,17,1.0647718360977,5,0,"stay",1,"mod_risk"
"432",11606,4,"Prosocial","Majority",7,11,11,17,1.0647718360977,5,1,"conformity",1,"ext_pro"
"433",11606,5,"Prosocial","Majority",8,6,6,17,1.0647718360977,5,1,"conformity",1,"mod_pro"
"434",11606,8,"Risk","Popular peer",6,1,6,17,1.0647718360977,5,0,"stay",0,"ext_risk"
"435",11606,9,"Prosocial","Popular peer",10,7,10,17,1.0647718360977,5,0,"stay",0,"mod_pro"
"436",11606,10,"Risk","Popular peer",3,5,4,17,1.0647718360977,5,0.5,"compromise",0,"mod_risk"
"437",11606,12,"Prosocial","Popular peer",8,11,11,17,1.0647718360977,5,1,"conformity",0,"ext_pro"
"438",11607,2,"Risk","Majority",3,1,1,17,1.0647718360977,5,1,"conformity",1,"ext_risk"
"439",11607,3,"Risk","Majority",2,5,4,17,1.0647718360977,5,0.666666666666667,"compromise",1,"mod_risk"
"440",11607,6,"Risk","Majority",9,7,9,17,1.0647718360977,5,0,"stay",1,"ext_risk"
"441",11607,8,"Prosocial","Popular peer",9,7,8,17,1.0647718360977,5,0.5,"compromise",0,"mod_pro"
"442",11607,10,"Prosocial","Popular peer",8,11,10,17,1.0647718360977,5,0.666666666666667,"compromise",0,"ext_pro"
"443",11607,11,"Risk","Popular peer",3,1,1,17,1.0647718360977,5,1,"conformity",0,"ext_risk"
"444",11607,12,"Risk","Popular peer",3,5,3,17,1.0647718360977,5,0,"stay",0,"mod_risk"
"445",11610,2,"Prosocial","Popular peer",8,11,7,16,0.589073770731236,5,-0.333333333333333,"anticonformity",0,"ext_pro"
"446",11610,3,"Risk","Popular peer",2,5,4,16,0.589073770731236,5,0.666666666666667,"compromise",0,"mod_risk"
"447",11610,5,"Risk","Popular peer",9,6,8,16,0.589073770731236,5,0.333333333333333,"compromise",0,"ext_risk"
"448",11610,6,"Risk","Popular peer",5,1,4,16,0.589073770731236,5,0.25,"compromise",0,"ext_risk"
"449",11610,9,"Prosocial","Majority",8,11,11,16,0.589073770731236,5,1,"conformity",1,"ext_pro"
"450",11610,10,"Risk","Majority",2,6,5,16,0.589073770731236,5,0.75,"compromise",1,"mod_risk"
"451",11610,11,"Prosocial","Majority",9,7,9,16,0.589073770731236,5,0,"stay",1,"mod_pro"
"452",11610,12,"Risk","Majority",5,1,5,16,0.589073770731236,5,0,"stay",1,"ext_risk"
"453",11612,1,"Risk","Popular peer",3,1,2,16,0.589073770731236,5,0.5,"compromise",0,"ext_risk"
"454",11612,4,"Prosocial","Popular peer",8,6,6,16,0.589073770731236,5,1,"conformity",0,"mod_pro"
"455",11612,5,"Risk","Popular peer",3,5,6,16,0.589073770731236,5,1.5,"afterconformity",0,"mod_risk"
"456",11612,6,"Prosocial","Popular peer",9,11,9,16,0.589073770731236,5,0,"stay",0,"ext_pro"
"457",11612,9,"Prosocial","Majority",9,7,8,16,0.589073770731236,5,0.5,"compromise",1,"mod_pro"
"458",11612,10,"Risk","Majority",3,1,1,16,0.589073770731236,5,1,"conformity",1,"ext_risk"
"459",11612,11,"Prosocial","Majority",9,11,10,16,0.589073770731236,5,0.5,"compromise",1,"ext_pro"
"460",11612,12,"Risk","Majority",3,5,4,16,0.589073770731236,5,0.5,"compromise",1,"mod_risk"
"461",11624,1,"Prosocial","Popular peer",8,11,10,16,0.589073770731236,5,0.666666666666667,"compromise",0,"ext_pro"
"462",11624,2,"Risk","Popular peer",3,1,1,16,0.589073770731236,5,1,"conformity",0,"ext_risk"
"463",11624,3,"Prosocial","Popular peer",11,7,9,16,0.589073770731236,5,0.5,"compromise",0,"mod_pro"
"464",11624,5,"Risk","Popular peer",3,5,3,16,0.589073770731236,5,0,"stay",0,"mod_risk"
"465",11624,7,"Prosocial","Majority",10,7,8,16,0.589073770731236,5,0.666666666666667,"compromise",1,"mod_pro"
"466",11624,8,"Risk","Majority",3,5,3,16,0.589073770731236,5,0,"stay",1,"mod_risk"
"467",11624,10,"Prosocial","Majority",9,7,8,16,0.589073770731236,5,0.5,"compromise",1,"mod_pro"
"468",11624,12,"Prosocial","Majority",9,11,10,16,0.589073770731236,5,0.5,"compromise",1,"ext_pro"
"469",11644,1,"Prosocial","Majority",11,8,8,16,0.589073770731236,5,1,"conformity",1,"mod_pro"
"470",11644,2,"Risk","Majority",4,6,6,16,0.589073770731236,5,1,"conformity",1,"mod_risk"
"471",11644,3,"Prosocial","Majority",11,9,11,16,0.589073770731236,5,0,"stay",1,"mod_pro"
"472",11644,4,"Risk","Majority",5,3,6,16,0.589073770731236,5,-0.5,"anticonformity",1,"ext_risk"
"473",11644,5,"Risk","Majority",3,9,4,16,0.589073770731236,5,0.166666666666667,"compromise",1,"mod_risk"
"474",11644,6,"Prosocial","Majority",7,9,8,16,0.589073770731236,5,0.5,"compromise",1,"ext_pro"
"475",11644,7,"Prosocial","Popular peer",11,9,11,16,0.589073770731236,5,0,"stay",0,"mod_pro"
"476",11644,8,"Prosocial","Popular peer",11,7,11,16,0.589073770731236,5,0,"stay",0,"mod_pro"
"477",11644,9,"Risk","Popular peer",1,5,4,16,0.589073770731236,5,0.75,"compromise",0,"mod_risk"
"478",11644,10,"Prosocial","Popular peer",7,11,11,16,0.589073770731236,5,1,"conformity",0,"ext_pro"
"479",11644,11,"Prosocial","Popular peer",6,2,6,16,0.589073770731236,5,0,"stay",0,"mod_pro"
"480",11648,1,"Risk","Majority",3,1,2,17,1.0647718360977,5,0.5,"compromise",1,"ext_risk"
"481",11648,2,"Prosocial","Majority",9,6,6,17,1.0647718360977,5,1,"conformity",1,"mod_pro"
"482",11648,3,"Prosocial","Majority",11,9,6,17,1.0647718360977,5,2.5,"afterconformity",1,"mod_pro"
"483",11648,4,"Prosocial","Majority",8,11,11,17,1.0647718360977,5,1,"conformity",1,"ext_pro"
"484",11648,6,"Risk","Majority",3,6,5,17,1.0647718360977,5,0.666666666666667,"compromise",1,"mod_risk"
"485",11648,9,"Prosocial","Popular peer",11,7,10,17,1.0647718360977,5,0.25,"compromise",0,"mod_pro"
"486",11648,10,"Risk","Popular peer",1,5,3,17,1.0647718360977,5,0.5,"compromise",0,"mod_risk"
"487",11648,11,"Prosocial","Popular peer",7,11,8,17,1.0647718360977,5,0.25,"compromise",0,"ext_pro"
"488",11648,12,"Risk","Popular peer",4,2,6,17,1.0647718360977,5,-1,"anticonformity",0,"ext_risk"
"489",11654,2,"Prosocial","Popular peer",8,11,9,16,0.589073770731236,5,0.333333333333333,"compromise",0,"ext_pro"
"490",11654,3,"Risk","Popular peer",1,3,1,16,0.589073770731236,5,0,"stay",0,"mod_risk"
"491",11654,4,"Prosocial","Popular peer",8,6,8,16,0.589073770731236,5,0,"stay",0,"mod_pro"
"492",11654,5,"Risk","Popular peer",3,1,1,16,0.589073770731236,5,1,"conformity",0,"ext_risk"
"493",11654,6,"Prosocial","Popular peer",5,3,4,16,0.589073770731236,5,0.5,"compromise",0,"mod_pro"
"494",11654,8,"Risk","Majority",3,1,1,16,0.589073770731236,5,1,"conformity",1,"ext_risk"
"495",11654,10,"Prosocial","Majority",6,8,6,16,0.589073770731236,5,0,"stay",1,"ext_pro"
"496",11654,11,"Risk","Majority",3,1,1,16,0.589073770731236,5,1,"conformity",1,"ext_risk"
"497",11654,12,"Prosocial","Majority",10,8,6,16,0.589073770731236,5,2,"afterconformity",1,"mod_pro"
"498",11662,2,"Prosocial","Popular peer",9,7,7,19,2.01616796683063,5,1,"conformity",0,"mod_pro"
"499",11662,3,"Risk","Popular peer",3,1,1,19,2.01616796683063,5,1,"conformity",0,"ext_risk"
"500",11662,4,"Prosocial","Popular peer",8,11,9,19,2.01616796683063,5,0.333333333333333,"compromise",0,"ext_pro"
"501",11662,5,"Risk","Popular peer",2,5,2,19,2.01616796683063,5,0,"stay",0,"mod_risk"
"502",11662,7,"Risk","Majority",4,1,3,19,2.01616796683063,5,0.333333333333333,"compromise",1,"ext_risk"
"503",11662,8,"Prosocial","Majority",7,9,8,19,2.01616796683063,5,0.5,"compromise",1,"ext_pro"
"504",11662,10,"Risk","Majority",3,6,6,19,2.01616796683063,5,1,"conformity",1,"mod_risk"
"505",11662,12,"Risk","Majority",4,2,2,19,2.01616796683063,5,1,"conformity",1,"ext_risk"
"506",11665,1,"Risk","Popular peer",3,1,2,18,1.54046990146417,5,0.5,"compromise",0,"ext_risk"
"507",11665,2,"Risk","Popular peer",3,5,4,18,1.54046990146417,5,0.5,"compromise",0,"mod_risk"
"508",11665,4,"Prosocial","Popular peer",8,11,10,18,1.54046990146417,5,0.666666666666667,"compromise",0,"ext_pro"
"509",11665,5,"Prosocial","Popular peer",9,7,10,18,1.54046990146417,5,-0.5,"anticonformity",0,"mod_pro"
"510",11665,7,"Prosocial","Majority",9,11,9,18,1.54046990146417,5,0,"stay",1,"ext_pro"
"511",11665,8,"Risk","Majority",8,6,6,18,1.54046990146417,5,1,"conformity",1,"ext_risk"
"512",11665,9,"Risk","Majority",3,5,6,18,1.54046990146417,5,1.5,"afterconformity",1,"mod_risk"
"513",11665,12,"Risk","Majority",3,1,2,18,1.54046990146417,5,0.5,"compromise",1,"ext_risk"
"514",11676,1,"Risk","Majority",8,6,6,17,1.0647718360977,5,1,"conformity",1,"ext_risk"
"515",11676,3,"Risk","Majority",3,5,5,17,1.0647718360977,5,1,"conformity",1,"mod_risk"
"516",11676,5,"Prosocial","Majority",9,11,11,17,1.0647718360977,5,1,"conformity",1,"ext_pro"
"517",11676,6,"Risk","Majority",9,7,6,17,1.0647718360977,5,1.5,"afterconformity",1,"ext_risk"
"518",11676,7,"Risk","Popular peer",4,1,5,17,1.0647718360977,5,-0.333333333333333,"anticonformity",0,"ext_risk"
"519",11676,9,"Prosocial","Popular peer",9,7,8,17,1.0647718360977,5,0.5,"compromise",0,"mod_pro"
"520",11676,10,"Risk","Popular peer",2,5,4,17,1.0647718360977,5,0.666666666666667,"compromise",0,"mod_risk"
"521",11676,12,"Prosocial","Popular peer",8,11,10,17,1.0647718360977,5,0.666666666666667,"compromise",0,"ext_pro"
"522",11683,2,"Prosocial","Popular peer",8,11,10,16,0.589073770731236,5,0.666666666666667,"compromise",0,"ext_pro"
"523",11683,3,"Risk","Popular peer",3,1,2,16,0.589073770731236,5,0.5,"compromise",0,"ext_risk"
"524",11683,4,"Prosocial","Popular peer",10,7,9,16,0.589073770731236,5,0.333333333333333,"compromise",0,"mod_pro"
"525",11683,6,"Risk","Popular peer",2,5,4,16,0.589073770731236,5,0.666666666666667,"compromise",0,"mod_risk"
"526",11683,7,"Risk","Majority",2,5,4,16,0.589073770731236,5,0.666666666666667,"compromise",1,"mod_risk"
"527",11683,8,"Risk","Majority",4,1,2,16,0.589073770731236,5,0.666666666666667,"compromise",1,"ext_risk"
"528",11683,10,"Prosocial","Majority",11,6,9,16,0.589073770731236,5,0.4,"compromise",1,"mod_pro"
"529",11683,11,"Prosocial","Majority",9,11,10,16,0.589073770731236,5,0.5,"compromise",1,"ext_pro"
"530",11688,1,"Prosocial","Popular peer",9,7,8,17,1.0647718360977,5,0.5,"compromise",0,"mod_pro"
"531",11688,2,"Risk","Popular peer",3,1,1,17,1.0647718360977,5,1,"conformity",0,"ext_risk"
"532",11688,4,"Prosocial","Popular peer",9,11,8,17,1.0647718360977,5,-0.5,"anticonformity",0,"ext_pro"
"533",11688,6,"Prosocial","Popular peer",6,8,6,17,1.0647718360977,5,0,"stay",0,"ext_pro"
"534",11688,8,"Risk","Majority",4,6,5,17,1.0647718360977,5,0.5,"compromise",1,"mod_risk"
"535",11688,10,"Risk","Majority",3,1,1,17,1.0647718360977,5,1,"conformity",1,"ext_risk"
"536",11688,11,"Prosocial","Majority",9,7,8,17,1.0647718360977,5,0.5,"compromise",1,"mod_pro"
"537",11688,12,"Prosocial","Majority",9,11,10,17,1.0647718360977,5,0.5,"compromise",1,"ext_pro"
"538",11693,2,"Risk","Popular peer",6,1,2,18,1.54046990146417,5,0.8,"compromise",0,"ext_risk"
"539",11693,3,"Risk","Popular peer",1,3,1,18,1.54046990146417,5,0,"stay",0,"mod_risk"
"540",11693,4,"Risk","Popular peer",2,5,1,18,1.54046990146417,5,-0.333333333333333,"anticonformity",0,"mod_risk"
"541",11693,5,"Prosocial","Popular peer",8,6,6,18,1.54046990146417,5,1,"conformity",0,"mod_pro"
"542",11693,6,"Prosocial","Popular peer",8,11,11,18,1.54046990146417,5,1,"conformity",0,"ext_pro"
"543",11693,8,"Risk","Majority",3,6,1,18,1.54046990146417,5,-0.666666666666667,"anticonformity",1,"mod_risk"
"544",11693,9,"Prosocial","Majority",9,11,11,18,1.54046990146417,5,1,"conformity",1,"ext_pro"
"545",11693,11,"Risk","Majority",2,4,1,18,1.54046990146417,5,-0.5,"anticonformity",1,"mod_risk"
"546",11697,1,"Risk","Majority",2,5,3,17,1.0647718360977,5,0.333333333333333,"compromise",1,"mod_risk"
"547",11697,3,"Prosocial","Majority",8,6,3,17,1.0647718360977,5,2.5,"afterconformity",1,"mod_pro"
"548",11697,4,"Prosocial","Majority",10,8,11,17,1.0647718360977,5,-0.5,"anticonformity",1,"mod_pro"
"549",11697,6,"Prosocial","Majority",7,9,11,17,1.0647718360977,5,2,"afterconformity",1,"ext_pro"
"550",11697,7,"Risk","Popular peer",1,3,1,17,1.0647718360977,5,0,"stay",0,"mod_risk"
"551",11697,8,"Prosocial","Popular peer",8,11,11,17,1.0647718360977,5,1,"conformity",0,"ext_pro"
"552",11697,9,"Prosocial","Popular peer",11,7,11,17,1.0647718360977,5,0,"stay",0,"mod_pro"
"553",11697,10,"Risk","Popular peer",3,5,1,17,1.0647718360977,5,-1,"anticonformity",0,"mod_risk"
"554",11697,12,"Risk","Popular peer",6,1,3,17,1.0647718360977,5,0.6,"compromise",0,"ext_risk"
"555",11698,2,"Prosocial","Popular peer",7,11,8,17,1.0647718360977,5,0.25,"compromise",0,"ext_pro"
"556",11698,3,"Prosocial","Popular peer",10,7,9,17,1.0647718360977,5,0.333333333333333,"compromise",0,"mod_pro"
"557",11698,4,"Risk","Popular peer",1,5,3,17,1.0647718360977,5,0.5,"compromise",0,"mod_risk"
"558",11698,5,"Risk","Popular peer",3,1,5,17,1.0647718360977,5,-1,"anticonformity",0,"ext_risk"
"559",11698,7,"Risk","Majority",4,6,4,17,1.0647718360977,5,0,"stay",1,"mod_risk"
"560",11698,8,"Prosocial","Majority",9,11,8,17,1.0647718360977,5,-0.5,"anticonformity",1,"ext_pro"
"561",11698,9,"Risk","Majority",8,6,7,17,1.0647718360977,5,0.5,"compromise",1,"ext_risk"
"562",11698,11,"Risk","Majority",3,1,2,17,1.0647718360977,5,0.5,"compromise",1,"ext_risk"
"563",11698,12,"Risk","Majority",3,1,2,17,1.0647718360977,5,0.5,"compromise",1,"ext_risk"
"564",11702,1,"Risk","Popular peer",2,4,2,17,1.0647718360977,5,0,"stay",0,"mod_risk"
"565",11702,2,"Prosocial","Popular peer",8,11,9,17,1.0647718360977,5,0.333333333333333,"compromise",0,"ext_pro"
"566",11702,4,"Risk","Popular peer",5,1,3,17,1.0647718360977,5,0.5,"compromise",0,"ext_risk"
"567",11702,5,"Prosocial","Popular peer",10,7,6,17,1.0647718360977,5,1.33333333333333,"afterconformity",0,"mod_pro"
"568",11702,8,"Risk","Majority",5,1,5,17,1.0647718360977,5,0,"stay",1,"ext_risk"
"569",11702,9,"Prosocial","Majority",1,6,1,17,1.0647718360977,5,0,"stay",1,"ext_pro"
"570",11702,10,"Prosocial","Majority",9,7,8,17,1.0647718360977,5,0.5,"compromise",1,"mod_pro"
"571",11702,11,"Prosocial","Majority",11,9,10,17,1.0647718360977,5,0.5,"compromise",1,"mod_pro"
"572",11702,12,"Prosocial","Majority",9,11,11,17,1.0647718360977,5,1,"conformity",1,"ext_pro"
"573",11706,2,"Risk","Majority",3,5,3,17,1.0647718360977,5,0,"stay",1,"mod_risk"
"574",11706,4,"Risk","Majority",8,6,7,17,1.0647718360977,5,0.5,"compromise",1,"ext_risk"
"575",11706,5,"Prosocial","Majority",11,9,11,17,1.0647718360977,5,0,"stay",1,"mod_pro"
"576",11706,6,"Prosocial","Majority",9,11,11,17,1.0647718360977,5,1,"conformity",1,"ext_pro"
"577",11706,7,"Risk","Popular peer",7,5,8,17,1.0647718360977,5,-0.5,"anticonformity",0,"ext_risk"
"578",11706,8,"Risk","Popular peer",1,3,2,17,1.0647718360977,5,0.5,"compromise",0,"mod_risk"
"579",11706,9,"Risk","Popular peer",3,5,4,17,1.0647718360977,5,0.5,"compromise",0,"mod_risk"
"580",11706,10,"Risk","Popular peer",4,1,3,17,1.0647718360977,5,0.333333333333333,"compromise",0,"ext_risk"
"581",11706,12,"Prosocial","Popular peer",9,11,9,17,1.0647718360977,5,0,"stay",0,"ext_pro"
"582",11707,2,"Prosocial","Popular peer",11,9,11,17,1.0647718360977,5,0,"stay",0,"mod_pro"
"583",11707,3,"Risk","Popular peer",4,1,6,17,1.0647718360977,5,-0.666666666666667,"anticonformity",0,"ext_risk"
"584",11707,4,"Prosocial","Popular peer",9,6,10,17,1.0647718360977,5,-0.333333333333333,"anticonformity",0,"mod_pro"
"585",11707,5,"Risk","Popular peer",6,11,6,17,1.0647718360977,5,0,"stay",0,"mod_risk"
"586",11707,6,"Prosocial","Popular peer",4,6,6,17,1.0647718360977,5,1,"conformity",0,"ext_pro"
"587",11707,7,"Risk","Majority",1,5,4,17,1.0647718360977,5,0.75,"compromise",1,"mod_risk"
"588",11707,8,"Prosocial","Majority",11,7,10,17,1.0647718360977,5,0.25,"compromise",1,"mod_pro"
"589",11707,10,"Risk","Majority",3,1,2,17,1.0647718360977,5,0.5,"compromise",1,"ext_risk"
"590",11707,11,"Prosocial","Majority",8,11,11,17,1.0647718360977,5,1,"conformity",1,"ext_pro"
"591",11710,1,"Prosocial","Majority",10,7,8,16,0.589073770731236,5,0.666666666666667,"compromise",1,"mod_pro"
"592",11710,2,"Risk","Majority",2,5,3,16,0.589073770731236,5,0.333333333333333,"compromise",1,"mod_risk"
"593",11710,4,"Prosocial","Majority",11,9,11,16,0.589073770731236,5,0,"stay",1,"mod_pro"
"594",11710,5,"Prosocial","Majority",8,11,11,16,0.589073770731236,5,1,"conformity",1,"ext_pro"
"595",11710,6,"Risk","Majority",3,1,1,16,0.589073770731236,5,1,"conformity",1,"ext_risk"
"596",11710,7,"Risk","Popular peer",3,5,4,16,0.589073770731236,5,0.5,"compromise",0,"mod_risk"
"597",11710,8,"Risk","Popular peer",6,11,6,16,0.589073770731236,5,0,"stay",0,"mod_risk"
"598",11710,9,"Prosocial","Popular peer",11,9,10,16,0.589073770731236,5,0.5,"compromise",0,"mod_pro"
"599",11710,11,"Prosocial","Popular peer",4,2,5,16,0.589073770731236,5,-0.5,"anticonformity",0,"mod_pro"
"600",11710,12,"Prosocial","Popular peer",10,7,8,16,0.589073770731236,5,0.666666666666667,"compromise",0,"mod_pro"
"601",11711,1,"Risk","Popular peer",4,1,4,17,1.0647718360977,5,0,"stay",0,"ext_risk"
"602",11711,2,"Risk","Popular peer",5,3,5,17,1.0647718360977,5,0,"stay",0,"ext_risk"
"603",11711,3,"Risk","Popular peer",4,6,6,17,1.0647718360977,5,1,"conformity",0,"mod_risk"
"604",11711,4,"Prosocial","Popular peer",9,11,11,17,1.0647718360977,5,1,"conformity",0,"ext_pro"
"605",11711,5,"Prosocial","Popular peer",8,6,7,17,1.0647718360977,5,0.5,"compromise",0,"mod_pro"
"606",11711,8,"Risk","Majority",3,1,5,17,1.0647718360977,5,-1,"anticonformity",1,"ext_risk"
"607",11711,10,"Prosocial","Majority",9,11,11,17,1.0647718360977,5,1,"conformity",1,"ext_pro"
"608",11711,11,"Risk","Majority",4,6,5,17,1.0647718360977,5,0.5,"compromise",1,"mod_risk"
"609",11711,12,"Risk","Majority",6,3,6,17,1.0647718360977,5,0,"stay",1,"ext_risk"
"610",11712,1,"Risk","Popular peer",3,1,1,16,0.589073770731236,5,1,"conformity",0,"ext_risk"
"611",11712,2,"Risk","Popular peer",4,6,6,16,0.589073770731236,5,1,"conformity",0,"mod_risk"
"612",11712,3,"Prosocial","Popular peer",7,11,8,16,0.589073770731236,5,0.25,"compromise",0,"ext_pro"
"613",11712,6,"Prosocial","Popular peer",10,7,11,16,0.589073770731236,5,-0.333333333333333,"anticonformity",0,"mod_pro"
"614",11712,7,"Prosocial","Majority",11,7,11,16,0.589073770731236,5,0,"stay",1,"mod_pro"
"615",11712,8,"Prosocial","Majority",9,11,7,16,0.589073770731236,5,-1,"anticonformity",1,"ext_pro"
"616",11712,10,"Prosocial","Majority",11,9,11,16,0.589073770731236,5,0,"stay",1,"mod_pro"
"617",11712,11,"Risk","Majority",4,6,6,16,0.589073770731236,5,1,"conformity",1,"mod_risk"
"618",11712,12,"Risk","Majority",3,1,1,16,0.589073770731236,5,1,"conformity",1,"ext_risk"
"619",11713,1,"Risk","Majority",3,1,6,17,1.0647718360977,5,-1.5,"anticonformity",1,"ext_risk"
"620",11713,2,"Risk","Majority",3,5,4,17,1.0647718360977,5,0.5,"compromise",1,"mod_risk"
"621",11713,3,"Prosocial","Majority",11,9,11,17,1.0647718360977,5,0,"stay",1,"mod_pro"
"622",11713,4,"Risk","Majority",9,6,6,17,1.0647718360977,5,1,"conformity",1,"ext_risk"
"623",11713,6,"Prosocial","Majority",4,7,9,17,1.0647718360977,5,1.66666666666667,"afterconformity",1,"ext_pro"
"624",11713,7,"Risk","Popular peer",6,11,8,17,1.0647718360977,5,0.4,"compromise",0,"mod_risk"
"625",11713,8,"Prosocial","Popular peer",11,9,11,17,1.0647718360977,5,0,"stay",0,"mod_pro"
"626",11713,9,"Prosocial","Popular peer",11,7,9,17,1.0647718360977,5,0.5,"compromise",0,"mod_pro"
"627",11713,10,"Prosocial","Popular peer",4,1,3,17,1.0647718360977,5,0.333333333333333,"compromise",0,"mod_pro"
"628",11713,12,"Risk","Popular peer",3,5,5,17,1.0647718360977,5,1,"conformity",0,"mod_risk"
"629",11722,1,"Risk","Popular peer",1,3,2,16,0.589073770731236,5,0.5,"compromise",0,"mod_risk"
"630",11722,2,"Risk","Popular peer",5,1,4,16,0.589073770731236,5,0.25,"compromise",0,"ext_risk"
"631",11722,3,"Prosocial","Popular peer",8,11,9,16,0.589073770731236,5,0.333333333333333,"compromise",0,"ext_pro"
"632",11722,4,"Prosocial","Popular peer",11,6,7,16,0.589073770731236,5,0.8,"compromise",0,"mod_pro"
"633",11722,5,"Risk","Popular peer",4,6,5,16,0.589073770731236,5,0.5,"compromise",0,"mod_risk"
"634",11722,7,"Risk","Majority",3,6,6,16,0.589073770731236,5,1,"conformity",1,"mod_risk"
"635",11722,8,"Risk","Majority",5,3,3,16,0.589073770731236,5,1,"conformity",1,"ext_risk"
"636",11722,9,"Prosocial","Majority",9,11,11,16,0.589073770731236,5,1,"conformity",1,"ext_pro"
"637",11722,10,"Risk","Majority",8,6,5,16,0.589073770731236,5,1.5,"afterconformity",1,"ext_risk"
"638",11722,11,"Prosocial","Majority",9,11,9,16,0.589073770731236,5,0,"stay",1,"ext_pro"
"639",11722,12,"Risk","Majority",3,5,3,16,0.589073770731236,5,0,"stay",1,"mod_risk"
"640",11723,2,"Risk","Majority",3,5,6,17,1.0647718360977,5,1.5,"afterconformity",1,"mod_risk"
"641",11723,3,"Risk","Majority",3,1,1,17,1.0647718360977,5,1,"conformity",1,"ext_risk"
"642",11723,6,"Risk","Majority",4,6,6,17,1.0647718360977,5,1,"conformity",1,"mod_risk"
"643",11723,7,"Prosocial","Popular peer",11,8,9,17,1.0647718360977,5,0.666666666666667,"compromise",0,"mod_pro"
"644",11723,8,"Risk","Popular peer",4,2,3,17,1.0647718360977,5,0.5,"compromise",0,"ext_risk"
"645",11723,10,"Risk","Popular peer",3,5,1,17,1.0647718360977,5,-1,"anticonformity",0,"mod_risk"
"646",11723,12,"Prosocial","Popular peer",7,11,9,17,1.0647718360977,5,0.5,"compromise",0,"ext_pro"
"647",11724,2,"Risk","Popular peer",4,1,1,16,0.589073770731236,5,1,"conformity",0,"ext_risk"
"648",11724,4,"Risk","Popular peer",1,4,2,16,0.589073770731236,5,0.333333333333333,"compromise",0,"mod_risk"
"649",11724,5,"Prosocial","Popular peer",9,11,10,16,0.589073770731236,5,0.5,"compromise",0,"ext_pro"
"650",11724,6,"Prosocial","Popular peer",10,8,9,16,0.589073770731236,5,0.5,"compromise",0,"mod_pro"
"651",11724,8,"Prosocial","Majority",9,11,11,16,0.589073770731236,5,1,"conformity",1,"ext_pro"
"652",11724,10,"Prosocial","Majority",9,7,6,16,0.589073770731236,5,1.5,"afterconformity",1,"mod_pro"
"653",11724,11,"Prosocial","Majority",2,6,3,16,0.589073770731236,5,0.25,"compromise",1,"ext_pro"
"654",11724,12,"Risk","Majority",3,1,1,16,0.589073770731236,5,1,"conformity",1,"ext_risk"
"655",11727,1,"Prosocial","Majority",9,7,6,16,0.589073770731236,5,1.5,"afterconformity",1,"mod_pro"
"656",11727,2,"Prosocial","Majority",9,11,11,16,0.589073770731236,5,1,"conformity",1,"ext_pro"
"657",11727,3,"Risk","Majority",4,6,6,16,0.589073770731236,5,1,"conformity",1,"mod_risk"
"658",11727,4,"Risk","Majority",3,5,2,16,0.589073770731236,5,-0.5,"anticonformity",1,"mod_risk"
"659",11727,5,"Risk","Majority",6,1,3,16,0.589073770731236,5,0.6,"compromise",1,"ext_risk"
"660",11727,7,"Risk","Popular peer",1,3,1,16,0.589073770731236,5,0,"stay",0,"mod_risk"
"661",11727,8,"Risk","Popular peer",4,1,1,16,0.589073770731236,5,1,"conformity",0,"ext_risk"
"662",11727,9,"Prosocial","Popular peer",9,6,8,16,0.589073770731236,5,0.333333333333333,"compromise",0,"mod_pro"
"663",11727,10,"Prosocial","Popular peer",2,6,8,16,0.589073770731236,5,1.5,"afterconformity",0,"ext_pro"
"664",11727,12,"Prosocial","Popular peer",9,11,10,16,0.589073770731236,5,0.5,"compromise",0,"ext_pro"
"665",11728,3,"Risk","Majority",3,5,4,17,1.0647718360977,5,0.5,"compromise",1,"mod_risk"
"666",11728,4,"Prosocial","Majority",9,11,11,17,1.0647718360977,5,1,"conformity",1,"ext_pro"
"667",11728,7,"Prosocial","Popular peer",6,1,6,17,1.0647718360977,5,0,"stay",0,"mod_pro"
"668",11728,8,"Prosocial","Popular peer",10,6,8,17,1.0647718360977,5,0.5,"compromise",0,"mod_pro"
"669",11728,10,"Risk","Popular peer",2,5,3,17,1.0647718360977,5,0.333333333333333,"compromise",0,"mod_risk"
"670",11728,12,"Prosocial","Popular peer",6,11,7,17,1.0647718360977,5,0.2,"compromise",0,"ext_pro"
"671",11732,1,"Prosocial","Majority",8,6,7,16,0.589073770731236,5,0.5,"compromise",1,"mod_pro"
"672",11732,2,"Risk","Majority",3,1,3,16,0.589073770731236,5,0,"stay",1,"ext_risk"
"673",11732,3,"Risk","Majority",3,5,5,16,0.589073770731236,5,1,"conformity",1,"mod_risk"
"674",11732,4,"Prosocial","Majority",8,11,11,16,0.589073770731236,5,1,"conformity",1,"ext_pro"
"675",11732,5,"Risk","Majority",3,1,2,16,0.589073770731236,5,0.5,"compromise",1,"ext_risk"
"676",11732,7,"Prosocial","Popular peer",8,6,9,16,0.589073770731236,5,-0.5,"anticonformity",0,"mod_pro"
"677",11732,8,"Prosocial","Popular peer",8,11,9,16,0.589073770731236,5,0.333333333333333,"compromise",0,"ext_pro"
"678",11732,10,"Risk","Popular peer",3,1,1,16,0.589073770731236,5,1,"conformity",0,"ext_risk"
"679",11732,12,"Risk","Popular peer",4,6,5,16,0.589073770731236,5,0.5,"compromise",0,"mod_risk"
"680",11736,1,"Risk","Popular peer",2,5,3,16,0.589073770731236,5,0.333333333333333,"compromise",0,"mod_risk"
"681",11736,2,"Prosocial","Popular peer",8,11,11,16,0.589073770731236,5,1,"conformity",0,"ext_pro"
"682",11736,4,"Risk","Popular peer",3,1,2,16,0.589073770731236,5,0.5,"compromise",0,"ext_risk"
"683",11736,5,"Prosocial","Popular peer",8,6,7,16,0.589073770731236,5,0.5,"compromise",0,"mod_pro"
"684",11736,7,"Risk","Majority",3,1,1,16,0.589073770731236,5,1,"conformity",1,"ext_risk"
"685",11736,8,"Prosocial","Majority",9,11,9,16,0.589073770731236,5,0,"stay",1,"ext_pro"
"686",11736,9,"Risk","Majority",3,5,2,16,0.589073770731236,5,-0.5,"anticonformity",1,"mod_risk"
"687",11736,10,"Risk","Majority",3,1,1,16,0.589073770731236,5,1,"conformity",1,"ext_risk"
"688",11736,11,"Risk","Majority",6,3,4,16,0.589073770731236,5,0.666666666666667,"compromise",1,"ext_risk"
"689",11739,1,"Risk","Majority",8,1,6,17,1.0647718360977,5,0.285714285714286,"compromise",1,"ext_risk"
"690",11739,2,"Prosocial","Majority",3,6,7,17,1.0647718360977,5,1.33333333333333,"afterconformity",1,"ext_pro"
"691",11739,3,"Prosocial","Majority",10,8,8,17,1.0647718360977,5,1,"conformity",1,"mod_pro"
"692",11739,4,"Risk","Majority",4,6,6,17,1.0647718360977,5,1,"conformity",1,"mod_risk"
"693",11739,5,"Prosocial","Majority",9,7,6,17,1.0647718360977,5,1.5,"afterconformity",1,"mod_pro"
"694",11739,6,"Risk","Majority",1,3,6,17,1.0647718360977,5,2.5,"afterconformity",1,"mod_risk"
"695",11739,7,"Risk","Popular peer",2,5,6,17,1.0647718360977,5,1.33333333333333,"afterconformity",0,"mod_risk"
"696",11739,8,"Risk","Popular peer",9,11,7,17,1.0647718360977,5,-1,"anticonformity",0,"mod_risk"
"697",11739,9,"Risk","Popular peer",6,1,6,17,1.0647718360977,5,0,"stay",0,"ext_risk"
"698",11739,10,"Risk","Popular peer",9,7,6,17,1.0647718360977,5,1.5,"afterconformity",0,"ext_risk"
"699",11740,2,"Risk","Majority",3,5,6,16,0.589073770731236,5,1.5,"afterconformity",1,"mod_risk"
"700",11740,3,"Prosocial","Majority",9,7,8,16,0.589073770731236,5,0.5,"compromise",1,"mod_pro"
"701",11740,4,"Prosocial","Majority",9,11,8,16,0.589073770731236,5,-0.5,"anticonformity",1,"ext_pro"
"702",11740,6,"Risk","Majority",5,1,1,16,0.589073770731236,5,1,"conformity",1,"ext_risk"
"703",11740,7,"Prosocial","Popular peer",8,6,6,16,0.589073770731236,5,1,"conformity",0,"mod_pro"
"704",11740,8,"Risk","Popular peer",1,3,2,16,0.589073770731236,5,0.5,"compromise",0,"mod_risk"
"705",11740,9,"Prosocial","Popular peer",8,11,11,16,0.589073770731236,5,1,"conformity",0,"ext_pro"
"706",11740,10,"Risk","Popular peer",2,4,3,16,0.589073770731236,5,0.5,"compromise",0,"mod_risk"
"707",11740,12,"Risk","Popular peer",4,1,2,16,0.589073770731236,5,0.666666666666667,"compromise",0,"ext_risk"
"708",11755,1,"Risk","Popular peer",2,5,6,16,0.589073770731236,5,1.33333333333333,"afterconformity",0,"mod_risk"
"709",11755,2,"Prosocial","Popular peer",8,11,10,16,0.589073770731236,5,0.666666666666667,"compromise",0,"ext_pro"
"710",11755,4,"Prosocial","Popular peer",8,6,7,16,0.589073770731236,5,0.5,"compromise",0,"mod_pro"
"711",11755,5,"Risk","Popular peer",5,1,2,16,0.589073770731236,5,0.75,"compromise",0,"ext_risk"
"712",11755,6,"Risk","Popular peer",1,3,2,16,0.589073770731236,5,0.5,"compromise",0,"mod_risk"
"713",11755,7,"Risk","Majority",8,6,8,16,0.589073770731236,5,0,"stay",1,"ext_risk"
"714",11755,8,"Prosocial","Majority",9,11,11,16,0.589073770731236,5,1,"conformity",1,"ext_pro"
"715",11755,9,"Risk","Majority",2,5,3,16,0.589073770731236,5,0.333333333333333,"compromise",1,"mod_risk"
"716",11755,11,"Risk","Majority",5,3,4,16,0.589073770731236,5,0.5,"compromise",1,"ext_risk"
"717",11755,12,"Risk","Majority",5,3,6,16,0.589073770731236,5,-0.5,"anticonformity",1,"ext_risk"
"718",11757,1,"Risk","Majority",6,4,5,16,0.589073770731236,5,0.5,"compromise",1,"ext_risk"
"719",11757,4,"Prosocial","Majority",8,11,8,16,0.589073770731236,5,0,"stay",1,"ext_pro"
"720",11757,5,"Prosocial","Majority",9,11,11,16,0.589073770731236,5,1,"conformity",1,"ext_pro"
"721",11757,6,"Risk","Majority",3,1,2,16,0.589073770731236,5,0.5,"compromise",1,"ext_risk"
"722",11757,7,"Prosocial","Popular peer",8,6,8,16,0.589073770731236,5,0,"stay",0,"mod_pro"
"723",11757,9,"Risk","Popular peer",3,1,1,16,0.589073770731236,5,1,"conformity",0,"ext_risk"
"724",11757,10,"Risk","Popular peer",1,4,5,16,0.589073770731236,5,1.33333333333333,"afterconformity",0,"mod_risk"
"725",11757,12,"Prosocial","Popular peer",9,11,11,16,0.589073770731236,5,1,"conformity",0,"ext_pro"
"726",11759,1,"Risk","Majority",5,3,5,18,1.54046990146417,5,0,"stay",1,"ext_risk"
"727",11759,2,"Prosocial","Majority",9,11,10,18,1.54046990146417,5,0.5,"compromise",1,"ext_pro"
"728",11759,4,"Risk","Majority",10,6,8,18,1.54046990146417,5,0.5,"compromise",1,"ext_risk"
"729",11759,5,"Prosocial","Majority",3,6,5,18,1.54046990146417,5,0.666666666666667,"compromise",1,"ext_pro"
"730",11759,7,"Risk","Popular peer",4,1,3,18,1.54046990146417,5,0.333333333333333,"compromise",0,"ext_risk"
"731",11759,8,"Prosocial","Popular peer",9,11,10,18,1.54046990146417,5,0.5,"compromise",0,"ext_pro"
"732",11759,10,"Risk","Popular peer",10,7,8,18,1.54046990146417,5,0.666666666666667,"compromise",0,"ext_risk"
"733",11759,11,"Risk","Popular peer",1,5,3,18,1.54046990146417,5,0.5,"compromise",0,"mod_risk"
"734",11760,1,"Prosocial","Popular peer",8,11,9,16,0.589073770731236,5,0.333333333333333,"compromise",0,"ext_pro"
"735",11760,3,"Prosocial","Popular peer",10,8,10,16,0.589073770731236,5,0,"stay",0,"mod_pro"
"736",11760,4,"Risk","Popular peer",1,5,1,16,0.589073770731236,5,0,"stay",0,"mod_risk"
"737",11760,6,"Risk","Popular peer",5,1,2,16,0.589073770731236,5,0.75,"compromise",0,"ext_risk"
"738",11760,7,"Prosocial","Majority",10,7,9,16,0.589073770731236,5,0.333333333333333,"compromise",1,"mod_pro"
"739",11760,8,"Prosocial","Majority",9,11,11,16,0.589073770731236,5,1,"conformity",1,"ext_pro"
"740",11760,9,"Prosocial","Majority",9,11,11,16,0.589073770731236,5,1,"conformity",1,"ext_pro"
"741",11760,11,"Risk","Majority",3,5,2,16,0.589073770731236,5,-0.5,"anticonformity",1,"mod_risk"
"742",11760,12,"Risk","Majority",4,1,1,16,0.589073770731236,5,1,"conformity",1,"ext_risk"
"743",11784,2,"Risk","Popular peer",9,7,8,18,1.54046990146417,5,0.5,"compromise",0,"ext_risk"
"744",11784,4,"Prosocial","Popular peer",1,10,1,18,1.54046990146417,5,0,"stay",0,"ext_pro"
"745",11784,5,"Risk","Popular peer",6,1,6,18,1.54046990146417,5,0,"stay",0,"ext_risk"
"746",11784,6,"Risk","Popular peer",4,6,6,18,1.54046990146417,5,1,"conformity",0,"mod_risk"
"747",11784,7,"Risk","Majority",9,6,7,18,1.54046990146417,5,0.666666666666667,"compromise",1,"ext_risk"
"748",11784,8,"Risk","Majority",5,1,3,18,1.54046990146417,5,0.5,"compromise",1,"ext_risk"
"749",11784,10,"Risk","Majority",3,5,3,18,1.54046990146417,5,0,"stay",1,"mod_risk"
"750",11784,11,"Prosocial","Majority",11,9,11,18,1.54046990146417,5,0,"stay",1,"mod_pro"
"751",11784,12,"Prosocial","Majority",6,8,8,18,1.54046990146417,5,1,"conformity",1,"ext_pro"
"752",11785,1,"Risk","Majority",3,1,1,18,1.54046990146417,5,1,"conformity",1,"ext_risk"
"753",11785,2,"Prosocial","Majority",6,8,11,18,1.54046990146417,5,2.5,"afterconformity",1,"ext_pro"
"754",11785,3,"Risk","Majority",8,6,4,18,1.54046990146417,5,2,"afterconformity",1,"ext_risk"
"755",11785,5,"Prosocial","Majority",3,6,2,18,1.54046990146417,5,-0.333333333333333,"anticonformity",1,"ext_pro"
"756",11785,6,"Risk","Majority",5,3,5,18,1.54046990146417,5,0,"stay",1,"ext_risk"
"757",11785,8,"Risk","Popular peer",4,6,7,18,1.54046990146417,5,1.5,"afterconformity",0,"mod_risk"
"758",11785,9,"Risk","Popular peer",4,1,1,18,1.54046990146417,5,1,"conformity",0,"ext_risk"
"759",11785,11,"Prosocial","Popular peer",7,11,7,18,1.54046990146417,5,0,"stay",0,"ext_pro"
"760",11785,12,"Prosocial","Popular peer",11,7,9,18,1.54046990146417,5,0.5,"compromise",0,"mod_pro"
"761",11788,1,"Risk","Majority",6,4,2,19,2.01616796683063,5,2,"afterconformity",1,"ext_risk"
"762",11788,3,"Prosocial","Majority",8,11,8,19,2.01616796683063,5,0,"stay",1,"ext_pro"
"763",11788,4,"Risk","Majority",3,1,1,19,2.01616796683063,5,1,"conformity",1,"ext_risk"
"764",11788,6,"Risk","Majority",3,5,3,19,2.01616796683063,5,0,"stay",1,"mod_risk"
"765",11788,7,"Prosocial","Popular peer",8,11,9,19,2.01616796683063,5,0.333333333333333,"compromise",0,"ext_pro"
"766",11788,8,"Risk","Popular peer",3,1,1,19,2.01616796683063,5,1,"conformity",0,"ext_risk"
"767",11788,9,"Prosocial","Popular peer",8,6,5,19,2.01616796683063,5,1.5,"afterconformity",0,"mod_pro"
"768",11788,10,"Risk","Popular peer",3,5,3,19,2.01616796683063,5,0,"stay",0,"mod_risk"
"769",11790,3,"Risk","Popular peer",3,1,3,16,0.589073770731236,5,0,"stay",0,"ext_risk"
"770",11790,4,"Prosocial","Popular peer",8,11,10,16,0.589073770731236,5,0.666666666666667,"compromise",0,"ext_pro"
"771",11790,5,"Prosocial","Popular peer",8,6,8,16,0.589073770731236,5,0,"stay",0,"mod_pro"
"772",11790,6,"Risk","Popular peer",3,5,4,16,0.589073770731236,5,0.5,"compromise",0,"mod_risk"
"773",11790,8,"Risk","Majority",3,6,6,16,0.589073770731236,5,1,"conformity",1,"mod_risk"
"774",11790,9,"Prosocial","Majority",9,11,11,16,0.589073770731236,5,1,"conformity",1,"ext_pro"
"775",11790,10,"Prosocial","Majority",11,9,11,16,0.589073770731236,5,0,"stay",1,"mod_pro"
"776",11790,11,"Risk","Majority",3,1,2,16,0.589073770731236,5,0.5,"compromise",1,"ext_risk"
"777",11794,2,"Risk","Popular peer",2,4,2,17,1.0647718360977,5,0,"stay",0,"mod_risk"
"778",11794,3,"Prosocial","Popular peer",8,6,7,17,1.0647718360977,5,0.5,"compromise",0,"mod_pro"
"779",11794,4,"Risk","Popular peer",4,1,4,17,1.0647718360977,5,0,"stay",0,"ext_risk"
"780",11794,6,"Prosocial","Popular peer",8,11,8,17,1.0647718360977,5,0,"stay",0,"ext_pro"
"781",11794,8,"Prosocial","Majority",9,11,11,17,1.0647718360977,5,1,"conformity",1,"ext_pro"
"782",11794,9,"Risk","Majority",5,1,3,17,1.0647718360977,5,0.5,"compromise",1,"ext_risk"
"783",11794,10,"Risk","Majority",6,4,5,17,1.0647718360977,5,0.5,"compromise",1,"ext_risk"
"784",11794,12,"Prosocial","Majority",5,7,5,17,1.0647718360977,5,0,"stay",1,"ext_pro"
"785",11795,1,"Prosocial","Majority",9,7,10,16,0.589073770731236,5,-0.5,"anticonformity",1,"mod_pro"
"786",11795,3,"Prosocial","Majority",9,11,11,16,0.589073770731236,5,1,"conformity",1,"ext_pro"
"787",11795,4,"Risk","Majority",3,1,3,16,0.589073770731236,5,0,"stay",1,"ext_risk"
"788",11795,5,"Prosocial","Majority",9,11,11,16,0.589073770731236,5,1,"conformity",1,"ext_pro"
"789",11795,6,"Risk","Majority",4,6,4,16,0.589073770731236,5,0,"stay",1,"mod_risk"
"790",11795,8,"Risk","Popular peer",4,1,3,16,0.589073770731236,5,0.333333333333333,"compromise",0,"ext_risk"
"791",11795,10,"Prosocial","Popular peer",10,7,8,16,0.589073770731236,5,0.666666666666667,"compromise",0,"mod_pro"
"792",11795,11,"Risk","Popular peer",2,4,4,16,0.589073770731236,5,1,"conformity",0,"mod_risk"
"793",11795,12,"Prosocial","Popular peer",8,11,9,16,0.589073770731236,5,0.333333333333333,"compromise",0,"ext_pro"
